Projeto;Tipo de Serviço;Região;Data Prog.;Status;Intervenção;OS;Equipamento;Início Prog.;Fim Prog.;Parceira;Latitude;Longitude;Link Google Maps;Link My Maps
DMP/A.LES.24.06851;Reforma de Rede Secundaria RTRI;LES;15/06/2026;Liberado para Execução;FI;16276951;010ET018539;15/06/2026 09:30;15/06/2026 13:30;Engelmig (Área 11) NEC e UPS;-23.62637232;-46.52014232;https://www.google.com/maps/place/-23.62637232,-46.52014232;https://www.google.com/maps/d/viewer?mid=10HwNRTu34UfYUParmwc_21swb9OrORy8&usp=sharing
DMP/A.LES.25.01123;Reforma de Rede Secundaria RTRI;LES;15/06/2026;Liberado para Execução;FI;16270800;356ET051803;15/06/2026 09:59;15/06/2026 14:00;Engelmig (Área 11) NEC e UPS;-23.59421755;-46.42333646;https://www.google.com/maps/place/-23.59421755,-46.42333646;https://www.google.com/maps/d/viewer?mid=10HwNRTu34UfYUParmwc_21swb9OrORy8&usp=sharing
DMP/A.LES.22.01016;Reforma de Rede Secundária;LES;15/06/2026;Liberado para Execução;OLVR;;356ET017642;15/06/2026 08:29;15/06/2026 16:30;Engelmig (Área 11) NEC e UPS;-23.53968067;-46.47495979;https://www.google.com/maps/place/-23.53968067,-46.47495979;https://www.google.com/maps/d/viewer?mid=10HwNRTu34UfYUParmwc_21swb9OrORy8&usp=sharing
DMP/A.LES.20.06315;Reforma de Rede Secundária;LES;15/06/2026;Liberado para Execução;OLVR;;353ET042968;15/06/2026 08:29;15/06/2026 16:30;Engelmig (Área 11) NEC e UPS;-23.55095649;-46.5359762;https://www.google.com/maps/place/-23.55095649,-46.5359762;https://www.google.com/maps/d/viewer?mid=10HwNRTu34UfYUParmwc_21swb9OrORy8&usp=sharing
DMP/A.LES.22.05560;Reforma de Rede Secundária;LES;15/06/2026;Liberado para Execução;OLVR;;352ET059069;15/06/2026 08:29;15/06/2026 16:30;Engelmig (Área 11) NEC e UPS;-23.50679351;-46.47654202;https://www.google.com/maps/place/-23.50679351,-46.47654202;https://www.google.com/maps/d/viewer?mid=10HwNRTu34UfYUParmwc_21swb9OrORy8&usp=sharing
DMP/A.LES.26.01053;Rede Compacta;LES;15/06/2026;Liberado para Execução;BRA;16344593-1;356BF054592;15/06/2026 09:59;15/06/2026 14:00;Engelmig (Área 11) NEC e UPS;-23.59445801;-46.41924494;https://www.google.com/maps/place/-23.59445801,-46.41924494;https://www.google.com/maps/d/viewer?mid=10HwNRTu34UfYUParmwc_21swb9OrORy8&usp=sharing
DMP/A.LES.26.01052;Rede Compacta;LES;15/06/2026;Liberado para Execução;BRA;16344593-1;356BF054592;15/06/2026 09:59;15/06/2026 14:00;Engelmig (Área 11) NEC e UPS;-23.59445801;-46.41924494;https://www.google.com/maps/place/-23.59445801,-46.41924494;https://www.google.com/maps/d/viewer?mid=10HwNRTu34UfYUParmwc_21swb9OrORy8&usp=sharing
DMP/A.LES.25.05794;Reforma de Rede Secundaria RTRI;LES;16/06/2026;Liberado para Execução;FI;16244562;356ET161421;16/06/2026 10:30;16/06/2026 14:29;Start Engenharia (Área 8B, 9  e 11) NEC;-23.56068422;-46.40035333;https://www.google.com/maps/place/-23.56068422,-46.40035333;https://www.google.com/maps/d/viewer?mid=10HwNRTu34UfYUParmwc_21swb9OrORy8&usp=sharing
DAC/A.LES.26.00623;Migração para Média Tensão;LES;16/06/2026;Liberado para Execução;PIE;16266286;356ET062938;16/06/2026 00:30;16/06/2026 04:30;Start Engenharia (Área 8B, 9  e 11) NEC;-23.59308226;-46.418334;https://www.google.com/maps/place/-23.59308226,-46.418334;https://www.google.com/maps/d/viewer?mid=10HwNRTu34UfYUParmwc_21swb9OrORy8&usp=sharing
DAC/A.NOR.23.00880;Afastamento de Rede (Clientes);NOR;16/06/2026;Liberado para Execução;FI;16280972;354ET023188;16/06/2026 09:59;16/06/2026 14:00;Conecta Obras Extras (Área 4 e 5) NEC;0;0;https://www.google.com/maps/place/0,0;https://www.google.com/maps/d/viewer?mid=10HwNRTu34UfYUParmwc_21swb9OrORy8&usp=sharing
DAC/A.LES.26.00195;Alteração de Carga;LES;16/06/2026;Liberado para Execução;PIE;16271626;353ET170513;16/06/2026 23:00;17/06/2026 02:00;Start Engenharia (Área 8B, 9  e 11) NEC;-23.5263057;-46.54917345;https://www.google.com/maps/place/-23.5263057,-46.54917345;https://www.google.com/maps/d/viewer?mid=10HwNRTu34UfYUParmwc_21swb9OrORy8&usp=sharing
DAC/A.LES.26.00183;Ligação Nova;LES;16/06/2026;Liberado para Execução;FI;16250807;"ET-162357; ET-066504";16/06/2026 09:59;16/06/2026 14:00;Start Engenharia (Área 8B, 9  e 11) NEC;-23.50746671;-46.45500667;https://www.google.com/maps/place/-23.50746671,-46.45500667;https://www.google.com/maps/d/viewer?mid=10HwNRTu34UfYUParmwc_21swb9OrORy8&usp=sharing
DMP/A.LES.25.03534;Reforma de Rede Secundaria RTRI;LES;16/06/2026;Liberado para Execução;FI;16254145;356ET054357;16/06/2026 10:30;16/06/2026 14:29;Engelmig (Área 11) NEC e UPS;-23.54823583;-46.40239013;https://www.google.com/maps/place/-23.54823583,-46.40239013;https://www.google.com/maps/d/viewer?mid=10HwNRTu34UfYUParmwc_21swb9OrORy8&usp=sharing
DMP/A.LES.25.03588;Reforma de Rede Secundaria RTRI;LES;16/06/2026;Liberado para Execução;FI;16254145;356ET054357;16/06/2026 10:30;16/06/2026 14:29;Engelmig (Área 11) NEC e UPS;-23.54823583;-46.40239013;https://www.google.com/maps/place/-23.54823583,-46.40239013;https://www.google.com/maps/d/viewer?mid=10HwNRTu34UfYUParmwc_21swb9OrORy8&usp=sharing
DAC/A.LES.26.00364;Migração para Média Tensão;LES;16/06/2026;Liberado para Execução;FI;16254827;356ET160520;16/06/2026 09:59;16/06/2026 14:00;Start Engenharia (Área 8B, 9  e 11) NEC;-23.55357809;-46.45879461;https://www.google.com/maps/place/-23.55357809,-46.45879461;https://www.google.com/maps/d/viewer?mid=10HwNRTu34UfYUParmwc_21swb9OrORy8&usp=sharing
DAC/A.NOR.26.00317;Ligação Nova;NOR;16/06/2026;Liberado para Execução;FI;16289870;257BF061057;16/06/2026 09:59;16/06/2026 14:00;Conecta Obras (Área 4 e 5) NEC;-23.56511953;-46.61740429;https://www.google.com/maps/place/-23.56511953,-46.61740429;https://www.google.com/maps/d/viewer?mid=10HwNRTu34UfYUParmwc_21swb9OrORy8&usp=sharing
DAC/A.NOR.25.01475;Alteração de Carga;NOR;16/06/2026;Liberado para Execução;FI;16270199;257ET070816;16/06/2026 09:59;16/06/2026 14:00;Conecta Obras (Área 4 e 5) NEC;-23.57073959;-46.65045909;https://www.google.com/maps/place/-23.57073959,-46.65045909;https://www.google.com/maps/d/viewer?mid=10HwNRTu34UfYUParmwc_21swb9OrORy8&usp=sharing
DAC/A.NOR.25.01757;Migração para Média Tensão;NOR;16/06/2026;Liberado para Execução;FI;16282178;ET-008184;16/06/2026 09:59;16/06/2026 12:59;Conecta Obras (Área 4 e 5) NEC;-23.59150444;-46.679344;https://www.google.com/maps/place/-23.59150444,-46.679344;https://www.google.com/maps/d/viewer?mid=10HwNRTu34UfYUParmwc_21swb9OrORy8&usp=sharing
DAC/A.NOR.25.01073;Ligação Nova;NOR;16/06/2026;Liberado para Execução;FI;16282508;251ET011521;16/06/2026 09:59;16/06/2026 14:00;Conecta Obras (Área 4 e 5) NEC;-23.60486355;-46.65434471;https://www.google.com/maps/place/-23.60486355,-46.65434471;https://www.google.com/maps/d/viewer?mid=10HwNRTu34UfYUParmwc_21swb9OrORy8&usp=sharing
DAC/A.NOR.25.01704;Ligação Nova;NOR;16/06/2026;Liberado para Execução;FI;16271958;152ET020385;16/06/2026 09:59;16/06/2026 14:00;Conecta Obras (Área 4 e 5) NEC;-23.5296699;-46.65479016;https://www.google.com/maps/place/-23.5296699,-46.65479016;https://www.google.com/maps/d/viewer?mid=10HwNRTu34UfYUParmwc_21swb9OrORy8&usp=sharing
DAC/A.LES.24.00218;Alteração de Carga;LES;16/06/2026;Liberado para Execução;FI;16280963;352ET008640;16/06/2026 10:30;16/06/2026 14:29;Alpitel Energy (Área 7, 8A e 10) NEC;-23.49484053;-46.43946447;https://www.google.com/maps/place/-23.49484053,-46.43946447;https://www.google.com/maps/d/viewer?mid=10HwNRTu34UfYUParmwc_21swb9OrORy8&usp=sharing
DAC/A.NOR.26.00330;Remoção de Poste;NOR;16/06/2026;Liberado para Execução;FI;16282126;251ET002111;16/06/2026 09:59;16/06/2026 14:00;Conecta Obras (Área 4 e 5) NEC;-23.57544521;-46.66169591;https://www.google.com/maps/place/-23.57544521,-46.66169591;https://www.google.com/maps/d/viewer?mid=10HwNRTu34UfYUParmwc_21swb9OrORy8&usp=sharing
DMP/A.LES.26.01686;Reforma de Rede Secundária;LES;16/06/2026;Liberado para Execução;FI;16285564;355ET002578;16/06/2026 10:30;16/06/2026 14:29;Alpitel Energy (Área 7, 8A e 10) NEC;-23.55150613;-46.60669724;https://www.google.com/maps/place/-23.55150613,-46.60669724;https://www.google.com/maps/d/viewer?mid=10HwNRTu34UfYUParmwc_21swb9OrORy8&usp=sharing
DMP/A.LES.26.01687;Reforma de Rede Secundária;LES;16/06/2026;Liberado para Execução;FI;16285564;355ET002578;16/06/2026 10:30;16/06/2026 14:29;Alpitel Energy (Área 7, 8A e 10) NEC;-23.55150613;-46.60669724;https://www.google.com/maps/place/-23.55150613,-46.60669724;https://www.google.com/maps/d/viewer?mid=10HwNRTu34UfYUParmwc_21swb9OrORy8&usp=sharing
DAC/A.NOR.23.00833;Afastamento de Rede (Clientes);NOR;16/06/2026;Liberado para Execução;PIE;DEVOLVIDO;354ET003439;16/06/2026 09:59;16/06/2026 12:00;Conecta Obras Extras (Área 4 e 5) NEC;0;0;https://www.google.com/maps/place/0,0;https://www.google.com/maps/d/viewer?mid=10HwNRTu34UfYUParmwc_21swb9OrORy8&usp=sharing
DAC/A.NOR.23.00843;Afastamento de Rede (Clientes);NOR;16/06/2026;Liberado para Documentação;PIE;;354ET003439;16/06/2026 09:59;16/06/2026 14:00;Conecta Obras Extras (Área 4 e 5) NEC;0;0;https://www.google.com/maps/place/0,0;https://www.google.com/maps/d/viewer?mid=10HwNRTu34UfYUParmwc_21swb9OrORy8&usp=sharing
DMP/A.LES.26.01047;Rede Compacta;LES;16/06/2026;Liberado para Documentação;BRA;;356ET161111;16/06/2026 09:00;16/06/2026 17:00;Engelmig (Área 11) NEC e UPS;-23.59445801;-46.41924494;https://www.google.com/maps/place/-23.59445801,-46.41924494;https://www.google.com/maps/d/viewer?mid=10HwNRTu34UfYUParmwc_21swb9OrORy8&usp=sharing
DMP/A.LES.26.01044;Rede Compacta;LES;16/06/2026;Liberado para Documentação;BRA;;356ET161111;16/06/2026 09:00;16/06/2026 17:00;Engelmig (Área 11) NEC e UPS;-23.59445801;-46.41924494;https://www.google.com/maps/place/-23.59445801,-46.41924494;https://www.google.com/maps/d/viewer?mid=10HwNRTu34UfYUParmwc_21swb9OrORy8&usp=sharing
DAC/A.LES.26.00591;Ligação Nova;LES;17/06/2026;Liberado para Execução;FI;16254577;010ET087053;17/06/2026 09:59;17/06/2026 14:00;Start Engenharia (Área 8B, 9  e 11) NEC;-23.67947886;-46.50870838;https://www.google.com/maps/place/-23.67947886,-46.50870838;https://www.google.com/maps/d/viewer?mid=10HwNRTu34UfYUParmwc_21swb9OrORy8&usp=sharing
DMP/A.LES.24.05036;Reforma de Rede Secundaria RTRI;LES;17/06/2026;Liberado para Execução;FI;16286045;356ET166637;17/06/2026 09:59;17/06/2026 14:00;Engelmig (Área 11) NEC e UPS;-23.62857207;-46.44769935;https://www.google.com/maps/place/-23.62857207,-46.44769935;https://www.google.com/maps/d/viewer?mid=10HwNRTu34UfYUParmwc_21swb9OrORy8&usp=sharing
DAC/A.NOR.25.00180;Ligação Nova;NOR;17/06/2026;Liberado para Execução;FI;16285814;354ET030251;17/06/2026 09:59;17/06/2026 14:00;Conecta Obras (Área 4 e 5) NEC;-23.4382412;-46.58397654;https://www.google.com/maps/place/-23.4382412,-46.58397654;https://www.google.com/maps/d/viewer?mid=10HwNRTu34UfYUParmwc_21swb9OrORy8&usp=sharing
DAC/A.NOR.26.00555;Alteração de Carga;NOR;17/06/2026;Liberado para Documentação;FI;16285396;251ET008476;17/06/2026 09:59;17/06/2026 14:00;Conecta Obras (Área 4 e 5) NEC;-23.58993895;-46.6745134;https://www.google.com/maps/place/-23.58993895,-46.6745134;https://www.google.com/maps/d/viewer?mid=10HwNRTu34UfYUParmwc_21swb9OrORy8&usp=sharing
DAC/A.NOR.25.01474;Remoção de Poste;NOR;17/06/2026;Liberado para Execução;FI;16285436;251ET121065;17/06/2026 10:30;17/06/2026 14:29;Conecta Obras (Área 4 e 5) NEC;-23.63610319;-46.67170893;https://www.google.com/maps/place/-23.63610319,-46.67170893;https://www.google.com/maps/d/viewer?mid=10HwNRTu34UfYUParmwc_21swb9OrORy8&usp=sharing
DMP/A.NOR.20.06713;Rede Compacta;NOR;17/06/2026;Liberado para Execução;FI;16304732;351BF053231;17/06/2026 10:30;17/06/2026 14:29;Conecta Obras (Área 4 e 5) NEC;-23.43980184;-46.75164925;https://www.google.com/maps/place/-23.43980184,-46.75164925;https://www.google.com/maps/d/viewer?mid=10HwNRTu34UfYUParmwc_21swb9OrORy8&usp=sharing
DAC/A.NOR.26.00345;Remoção de Poste;NOR;17/06/2026;Liberado para Execução;FI;16285384;151ET015755;17/06/2026 10:30;17/06/2026 14:29;Conecta Obras (Área 4 e 5) NEC;-23.56285578;-46.63402805;https://www.google.com/maps/place/-23.56285578,-46.63402805;https://www.google.com/maps/d/viewer?mid=10HwNRTu34UfYUParmwc_21swb9OrORy8&usp=sharing
DAC/A.LES.25.00059;Remoção de Posto Primário;LES;17/06/2026;Liberado para Execução;FI;16286428;356ET036324;17/06/2026 09:30;17/06/2026 13:30;ZZOUT-PSC Alpitel Área 9;-23.51787433;-46.38584905;https://www.google.com/maps/place/-23.51787433,-46.38584905;https://www.google.com/maps/d/viewer?mid=10HwNRTu34UfYUParmwc_21swb9OrORy8&usp=sharing
DAC/A.LES.25.00060;Remoção de Posto Primário;LES;17/06/2026;Liberado para Execução;FI;16286428;356ET036324;17/06/2026 09:30;17/06/2026 13:30;ZZOUT-PSC Alpitel Área 9;-23.51787433;-46.38584905;https://www.google.com/maps/place/-23.51787433,-46.38584905;https://www.google.com/maps/d/viewer?mid=10HwNRTu34UfYUParmwc_21swb9OrORy8&usp=sharing
DAC/A.LES.25.00062;Remoção de Posto Primário;LES;17/06/2026;Liberado para Execução;FI;16286428;356ET036324;17/06/2026 09:30;17/06/2026 13:30;ZZOUT-PSC Alpitel Área 9;-23.51787433;-46.38584905;https://www.google.com/maps/place/-23.51787433,-46.38584905;https://www.google.com/maps/d/viewer?mid=10HwNRTu34UfYUParmwc_21swb9OrORy8&usp=sharing
DAC/A.LES.25.00067;Alteração de Carga;LES;17/06/2026;Liberado para Execução;FI;16295595;BF-054683;17/06/2026 09:30;17/06/2026 13:30;Alpitel Energy (Área 7, 8A e 10) NEC;-23.50075578;-46.39967929;https://www.google.com/maps/place/-23.50075578,-46.39967929;https://www.google.com/maps/d/viewer?mid=10HwNRTu34UfYUParmwc_21swb9OrORy8&usp=sharing
DMP/A.LES.26.01666;Reforma de Rede Secundária;LES;17/06/2026;Liberado para Execução;FI;16295628;355ET048205;17/06/2026 10:30;17/06/2026 14:29;Alpitel Energy (Área 7, 8A e 10) NEC;-23.56041966;-46.59660764;https://www.google.com/maps/place/-23.56041966,-46.59660764;https://www.google.com/maps/d/viewer?mid=10HwNRTu34UfYUParmwc_21swb9OrORy8&usp=sharing
DAC/A.NOR.26.00341;Ligação Nova;NOR;17/06/2026;Liberado para Execução;PIE;16304139;251ET004057;17/06/2026 10:30;17/06/2026 14:29;Alpitel Energy (Área 7, 8A e 10) NEC;-23.65416604;-46.66797279;https://www.google.com/maps/place/-23.65416604,-46.66797279;https://www.google.com/maps/d/viewer?mid=10HwNRTu34UfYUParmwc_21swb9OrORy8&usp=sharing
DAC/A.NOR.26.00380;Ligação Nova;NOR;17/06/2026;Liberado para Execução;PIE;16304139;251ET004057;17/06/2026 10:30;17/06/2026 14:29;Alpitel Energy (Área 7, 8A e 10) NEC;-23.65416604;-46.66797279;https://www.google.com/maps/place/-23.65416604,-46.66797279;https://www.google.com/maps/d/viewer?mid=10HwNRTu34UfYUParmwc_21swb9OrORy8&usp=sharing
DMP/A.LES.25.01117;Rede Compacta;LES;17/06/2026;Liberado para Documentação;BRA;;ET-028822;17/06/2026 09:00;17/06/2026 17:00;Conecta Obras Extras (Área 8B, 9 e 11) NEC;-23.53548702;-46.61374877;https://www.google.com/maps/place/-23.53548702,-46.61374877;https://www.google.com/maps/d/viewer?mid=10HwNRTu34UfYUParmwc_21swb9OrORy8&usp=sharing
DMP/A.LES.25.04136;Substituição de Poste em Mau Estado;LES;17/06/2026;Liberado para Execução;BRA;16343615;353BF155001;17/06/2026 09:59;17/06/2026 15:00;Start Engenharia (Área 8B, 9  e 11) NEC;-23.56334015;-46.4910839;https://www.google.com/maps/place/-23.56334015,-46.4910839;https://www.google.com/maps/d/viewer?mid=10HwNRTu34UfYUParmwc_21swb9OrORy8&usp=sharing
DAC/A.NOR.26.00120;Alteração de Carga;NOR;17/06/2026;Liberado para Execução;BRA;16338007;151ET042226;17/06/2026 08:00;17/06/2026 17:00;Conecta Obras (Área 4 e 5) NEC;-23.54170397;-46.66378876;https://www.google.com/maps/place/-23.54170397,-46.66378876;https://www.google.com/maps/d/viewer?mid=10HwNRTu34UfYUParmwc_21swb9OrORy8&usp=sharing
DAC/A.NOR.25.01712;Remoção de Posto Primário;NOR;17/06/2026;Liberado para Execução;BRA;16343828;354EP010096;17/06/2026 09:00;17/06/2026 17:00;Conecta Obras (Área 4 e 5) NEC;-23.47706952;-46.61006256;https://www.google.com/maps/place/-23.47706952,-46.61006256;https://www.google.com/maps/d/viewer?mid=10HwNRTu34UfYUParmwc_21swb9OrORy8&usp=sharing
DAC/A.NOR.25.01094;Ligação Nova;NOR;17/06/2026;Liberado para Execução;OLVR;;251ET009372;17/06/2026 08:00;17/06/2026 17:00;Conecta Obras (Área 4 e 5) NEC;-23.65416805;-46.66703037;https://www.google.com/maps/place/-23.65416805,-46.66703037;https://www.google.com/maps/d/viewer?mid=10HwNRTu34UfYUParmwc_21swb9OrORy8&usp=sharing
DAC/A.LES.21.00068;Regularização de Ligações Informais;LES;17/06/2026;Liberado para Execução;OLVR;;025ET018506;17/06/2026 09:00;17/06/2026 15:59;Start Engenharia (Área 8B, 9  e 11) NEC;-23.7364833;-46.35607817;https://www.google.com/maps/place/-23.7364833,-46.35607817;https://www.google.com/maps/d/viewer?mid=10HwNRTu34UfYUParmwc_21swb9OrORy8&usp=sharing
DAC/A.LES.26.00771;Ligação Nova;LES;17/06/2026;Liberado para Execução;OLVR;;352ET037901;16/06/2026 02:00;16/06/2026 06:00;Start Engenharia (Área 8B, 9  e 11) NEC;-23.53791678;-46.48286426;https://www.google.com/maps/place/-23.53791678,-46.48286426;https://www.google.com/maps/d/viewer?mid=10HwNRTu34UfYUParmwc_21swb9OrORy8&usp=sharing
DAC/A.NOR.25.01323;Ligação Nova;NOR;17/06/2026;Liberado para Documentação;FI;;351ET003317;17/06/2026 10:30;17/06/2026 13:30;Conecta Obras (Área 4 e 5) NEC;-23.4880392;-46.72584967;https://www.google.com/maps/place/-23.4880392,-46.72584967;https://www.google.com/maps/d/viewer?mid=10HwNRTu34UfYUParmwc_21swb9OrORy8&usp=sharing
DAC/A.NOR.25.01416;Ligação Nova;NOR;17/06/2026;Liberado para Execução;BRA;16343530;257IP20J133;17/06/2026 09:00;17/06/2026 17:00;Conecta Obras (Área 4 e 5) NEC;-23.59002938;-46.61282951;https://www.google.com/maps/place/-23.59002938,-46.61282951;https://www.google.com/maps/d/viewer?mid=10HwNRTu34UfYUParmwc_21swb9OrORy8&usp=sharing
DAC/A.NOR.23.00841;Afastamento de Rede (Clientes);NOR;17/06/2026;Liberado para Execução;BRA;16243910;351BF051239;17/06/2026 08:00;17/06/2026 17:00;Conecta Obras Extras (Área 4 e 5) NEC;0;0;https://www.google.com/maps/place/0,0;https://www.google.com/maps/d/viewer?mid=10HwNRTu34UfYUParmwc_21swb9OrORy8&usp=sharing
DMP/A.LES.24.07669;Reforma de Rede Secundaria RTRI;LES;17/06/2026;Liberado para Execução;FI;RESOLVIDO;353ET028268;17/06/2026 09:59;17/06/2026 14:00;Start Engenharia (Área 8B, 9  e 11) NEC;-23.53525439;-46.52473579;https://www.google.com/maps/place/-23.53525439,-46.52473579;https://www.google.com/maps/d/viewer?mid=10HwNRTu34UfYUParmwc_21swb9OrORy8&usp=sharing
DMP/A.LES.26.03077;Rede Compacta;LES;17/06/2026;Liberado para Documentação;BRA;;356ET160214;17/06/2026 09:00;17/06/2026 17:00;Engelmig (Área 11) NEC e UPS;-23.5891087;-46.42401704;https://www.google.com/maps/place/-23.5891087,-46.42401704;https://www.google.com/maps/d/viewer?mid=10HwNRTu34UfYUParmwc_21swb9OrORy8&usp=sharing
DMP/A.LES.25.07276;Reforma de Rede Secundaria RTRI;LES;18/06/2026;Liberado para Execução;FI;16222392;352ET162462;18/06/2026 09:59;18/06/2026 14:00;Start Engenharia (Área 8B, 9  e 11) NEC;-23.51203481;-46.38678782;https://www.google.com/maps/place/-23.51203481,-46.38678782;https://www.google.com/maps/d/viewer?mid=10HwNRTu34UfYUParmwc_21swb9OrORy8&usp=sharing
DAC/A.LES.26.00160;Ligação Nova;LES;18/06/2026;Liberado para Execução;PIE;RESOLVIDO;356EP055492;18/06/2026 00:30;18/06/2026 04:30;Start Engenharia (Área 8B, 9  e 11) NEC;-23.56589801;-46.43733073;https://www.google.com/maps/place/-23.56589801,-46.43733073;https://www.google.com/maps/d/viewer?mid=10HwNRTu34UfYUParmwc_21swb9OrORy8&usp=sharing
DAC/A.LES.25.00875;Migração para Média Tensão;LES;18/06/2026;Liberado para Execução;PIE;16296385;356CF050774;18/06/2026 23:00;19/06/2026 03:00;Start Engenharia (Área 8B, 9  e 11) NEC;-23.58621782;-46.43331636;https://www.google.com/maps/place/-23.58621782,-46.43331636;https://www.google.com/maps/d/viewer?mid=10HwNRTu34UfYUParmwc_21swb9OrORy8&usp=sharing
DMP/A.LES.24.06638;Reforma de Rede Secundaria RTRI;LES;18/06/2026;Liberado para Execução;FI;16286158;010ET032963;18/06/2026 09:30;18/06/2026 13:30;Engelmig (Área 11) NEC e UPS;-23.63408203;-46.49447274;https://www.google.com/maps/place/-23.63408203,-46.49447274;https://www.google.com/maps/d/viewer?mid=10HwNRTu34UfYUParmwc_21swb9OrORy8&usp=sharing
DMP/A.LES.24.01430;Reforma de Rede Secundaria RTRI;LES;18/06/2026;Liberado para Execução;FI;16286742;010ET087309;18/06/2026 09:00;18/06/2026 11:00;Engelmig (Área 11) NEC e UPS;-23.68093867;-46.49283738;https://www.google.com/maps/place/-23.68093867,-46.49283738;https://www.google.com/maps/d/viewer?mid=10HwNRTu34UfYUParmwc_21swb9OrORy8&usp=sharing
DAC/A.LES.25.01253;Ligação Nova;LES;18/06/2026;Liberado para Execução;FI;16289970;352ET162453;18/06/2026 09:59;18/06/2026 14:00;Start Engenharia (Área 8B, 9  e 11) NEC;-23.51880811;-46.44176772;https://www.google.com/maps/place/-23.51880811,-46.44176772;https://www.google.com/maps/d/viewer?mid=10HwNRTu34UfYUParmwc_21swb9OrORy8&usp=sharing
DMP/A.LES.25.04890;Reforma de Rede Secundaria RTRI;LES;18/06/2026;Liberado para Execução;FI;16303803;352ET160063;18/06/2026 09:59;18/06/2026 14:00;Engelmig (Área 11) NEC e UPS;-23.48595719;-46.407478;https://www.google.com/maps/place/-23.48595719,-46.407478;https://www.google.com/maps/d/viewer?mid=10HwNRTu34UfYUParmwc_21swb9OrORy8&usp=sharing
DAC/A.LES.25.00877;Ligação Provisória;LES;18/06/2026;Liberado para Execução;FI;16305619;352ET167879;18/06/2026 09:59;18/06/2026 14:00;Start Engenharia (Área 8B, 9  e 11) NEC;-23.50497919;-46.42704014;https://www.google.com/maps/place/-23.50497919,-46.42704014;https://www.google.com/maps/d/viewer?mid=10HwNRTu34UfYUParmwc_21swb9OrORy8&usp=sharing
DMP/A.NOR.25.01322;Substituição de Transformadores PCB;NOR;18/06/2026;Liberado para Execução;FI;16289769;257ET002664;18/06/2026 09:59;18/06/2026 14:00;Conecta Obras (Área 4 e 5) NEC;-23.56019159;-46.61872236;https://www.google.com/maps/place/-23.56019159,-46.61872236;https://www.google.com/maps/d/viewer?mid=10HwNRTu34UfYUParmwc_21swb9OrORy8&usp=sharing
DAC/A.NOR.26.00344;Remoção de Poste;NOR;18/06/2026;Liberado para Execução;FI;16289656;253BF072162;18/06/2026 10:30;18/06/2026 14:29;Conecta Obras (Área 4 e 5) NEC;-23.53730461;-46.66823473;https://www.google.com/maps/place/-23.53730461,-46.66823473;https://www.google.com/maps/d/viewer?mid=10HwNRTu34UfYUParmwc_21swb9OrORy8&usp=sharing
DAC/A.NOR.24.00371;Alteração de Carga;NOR;18/06/2026;Liberado para Execução;FI;16289604;151ET049719;18/06/2026 09:59;18/06/2026 14:00;Conecta Obras (Área 4 e 5) NEC;-23.55985746;-46.63568439;https://www.google.com/maps/place/-23.55985746,-46.63568439;https://www.google.com/maps/d/viewer?mid=10HwNRTu34UfYUParmwc_21swb9OrORy8&usp=sharing
DAC/A.NOR.25.01568;Ligação Provisória;NOR;18/06/2026;Liberado para Execução;FI;16290403;257ET072735;18/06/2026 09:59;18/06/2026 14:00;Conecta Obras (Área 4 e 5) NEC;-23.59479859;-46.64072876;https://www.google.com/maps/place/-23.59479859,-46.64072876;https://www.google.com/maps/d/viewer?mid=10HwNRTu34UfYUParmwc_21swb9OrORy8&usp=sharing
DAC/A.NOR.26.00016;Ligação Nova;NOR;18/06/2026;Liberado para Execução;FI;16290305;354ET011769;18/06/2026 09:59;18/06/2026 14:00;Conecta Obras (Área 4 e 5) NEC;-23.49244696;-46.61865946;https://www.google.com/maps/place/-23.49244696,-46.61865946;https://www.google.com/maps/d/viewer?mid=10HwNRTu34UfYUParmwc_21swb9OrORy8&usp=sharing
DAC/A.NOR.26.00470;Migração para Média Tensão;NOR;18/06/2026;Liberado para Execução;FI;16289751;257CT004094;18/06/2026 09:59;18/06/2026 14:00;Conecta Obras (Área 4 e 5) NEC;-23.58807693;-46.63280266;https://www.google.com/maps/place/-23.58807693,-46.63280266;https://www.google.com/maps/d/viewer?mid=10HwNRTu34UfYUParmwc_21swb9OrORy8&usp=sharing
DAC/A.NOR.25.01660;Ligação Nova;NOR;18/06/2026;Liberado para Execução;FI;16321385;257ET035052;18/06/2026 09:59;18/06/2026 14:00;Conecta Obras (Área 4 e 5) NEC;-23.57967061;-46.64236825;https://www.google.com/maps/place/-23.57967061,-46.64236825;https://www.google.com/maps/d/viewer?mid=10HwNRTu34UfYUParmwc_21swb9OrORy8&usp=sharing
DAC/A.NOR.25.01580;Ligação Nova;NOR;18/06/2026;Liberado para Documentação;BRA;;354ET073850;18/06/2026 08:00;18/06/2026 17:00;Conecta Obras (Área 4 e 5) NEC;-23.46769983;-46.66885502;https://www.google.com/maps/place/-23.46769983,-46.66885502;https://www.google.com/maps/d/viewer?mid=10HwNRTu34UfYUParmwc_21swb9OrORy8&usp=sharing
DAC/A.LES.26.00651;Ligação Nova;LES;18/06/2026;Liberado para Execução;FI;16305619;352ET163093;18/06/2026 09:59;18/06/2026 14:00;Start Engenharia (Área 8B, 9  e 11) NEC;-23.50693886;-46.42474664;https://www.google.com/maps/place/-23.50693886,-46.42474664;https://www.google.com/maps/d/viewer?mid=10HwNRTu34UfYUParmwc_21swb9OrORy8&usp=sharing
DAC/A.LES.25.01017;Migração para Média Tensão;LES;18/06/2026;Liberado para Execução;OLVR;;352ET167831;18/06/2026 03:00;18/06/2026 06:00;Start Engenharia (Área 8B, 9  e 11) NEC;-23.49215667;-46.4789859;https://www.google.com/maps/place/-23.49215667,-46.4789859;https://www.google.com/maps/d/viewer?mid=10HwNRTu34UfYUParmwc_21swb9OrORy8&usp=sharing
DAC/A.NOR.26.00006;Migração para Média Tensão;NOR;18/06/2026;Liberado para Documentação;BRA;;351ET500194;18/06/2026 08:00;18/06/2026 17:00;Conecta Obras (Área 4 e 5) NEC;-23.50539418;-46.68261057;https://www.google.com/maps/place/-23.50539418,-46.68261057;https://www.google.com/maps/d/viewer?mid=10HwNRTu34UfYUParmwc_21swb9OrORy8&usp=sharing
DAC/A.NOR.24.00282;Afastamento de Rede (Clientes);NOR;18/06/2026;Liberado para Execução;PIE;RESOLVIDO;251ET077935;18/06/2026 09:59;18/06/2026 14:00;Conecta Obras Extras (Área 4 e 5) NEC;-23.62823;-46.65969547;https://www.google.com/maps/place/-23.62823,-46.65969547;https://www.google.com/maps/d/viewer?mid=10HwNRTu34UfYUParmwc_21swb9OrORy8&usp=sharing
DAC/A.NOR.25.00800;Ligação Nova;NOR;18/06/2026;Liberado para Documentação;BRA;;354ET071630;18/06/2026 09:00;18/06/2026 17:00;Conecta Obras (Área 4 e 5) NEC;-23.4993695;-46.63640963;https://www.google.com/maps/place/-23.4993695,-46.63640963;https://www.google.com/maps/d/viewer?mid=10HwNRTu34UfYUParmwc_21swb9OrORy8&usp=sharing
DAC/A.LES.25.00861;Alteração de Carga;LES;18/06/2026;Liberado para Execução;FI;DEVOLVIDO;353ET048651;18/06/2026 09:59;18/06/2026 14:00;Start Engenharia (Área 8B, 9  e 11) NEC;-23.55700061;-46.56111391;https://www.google.com/maps/place/-23.55700061,-46.56111391;https://www.google.com/maps/d/viewer?mid=10HwNRTu34UfYUParmwc_21swb9OrORy8&usp=sharing
DAC/A.NOR.25.00786;Ligação Nova;NOR;18/06/2026;Liberado para Documentação;BRA;;351ET132512;18/06/2026 08:00;18/06/2026 17:00;Conecta Obras (Área 4 e 5) NEC;-23.44265338;-46.72573661;https://www.google.com/maps/place/-23.44265338,-46.72573661;https://www.google.com/maps/d/viewer?mid=10HwNRTu34UfYUParmwc_21swb9OrORy8&usp=sharing
DAC/A.NOR.25.01438;Ligação Nova;NOR;19/06/2026;Liberado para Execução;PIE;16323582;257ET004452;19/06/2026 09:59;19/06/2026 14:00;Conecta Obras (Área 4 e 5) NEC;-23.60264085;-46.61622388;https://www.google.com/maps/place/-23.60264085,-46.61622388;https://www.google.com/maps/d/viewer?mid=10HwNRTu34UfYUParmwc_21swb9OrORy8&usp=sharing
DMP/A.LES.26.01039;Rede Compacta;LES;19/06/2026;Liberado para Execução;FI;16290575;356ET160992;19/06/2026 09:59;19/06/2026 14:00;Engelmig (Área 11) NEC e UPS;-23.607595;-46.41339841;https://www.google.com/maps/place/-23.607595,-46.41339841;https://www.google.com/maps/d/viewer?mid=10HwNRTu34UfYUParmwc_21swb9OrORy8&usp=sharing
DAC/A.LES.26.00490;Ligação Nova;LES;19/06/2026;Liberado para Execução;PIE;16323440;356ET162246;19/06/2026 09:59;19/06/2026 14:00;Start Engenharia (Área 8B, 9  e 11) NEC;-23.54307711;-46.43528733;https://www.google.com/maps/place/-23.54307711,-46.43528733;https://www.google.com/maps/d/viewer?mid=10HwNRTu34UfYUParmwc_21swb9OrORy8&usp=sharing
DAC/A.LES.26.00589;Alteração de Carga;LES;19/06/2026;Liberado para Execução;FI;16297965;356ET052594;19/06/2026 09:59;19/06/2026 14:00;Start Engenharia (Área 8B, 9  e 11) NEC;-23.58022913;-46.4036793;https://www.google.com/maps/place/-23.58022913,-46.4036793;https://www.google.com/maps/d/viewer?mid=10HwNRTu34UfYUParmwc_21swb9OrORy8&usp=sharing
DAC/A.LES.26.00385;Alteração de Carga;LES;19/06/2026;Liberado para Execução;FI;16290496;353ET007623;19/06/2026 09:59;19/06/2026 14:00;Start Engenharia (Área 8B, 9  e 11) NEC;-23.52678156;-46.51914953;https://www.google.com/maps/place/-23.52678156,-46.51914953;https://www.google.com/maps/d/viewer?mid=10HwNRTu34UfYUParmwc_21swb9OrORy8&usp=sharing
DMP/A.LES.24.01910;Reforma de Rede Secundaria RTRI;LES;19/06/2026;Liberado para Execução;FI;16290544;353ET006052;19/06/2026 09:59;19/06/2026 14:00;Engelmig (Área 11) NEC e UPS;-23.54486918;-46.52411202;https://www.google.com/maps/place/-23.54486918,-46.52411202;https://www.google.com/maps/d/viewer?mid=10HwNRTu34UfYUParmwc_21swb9OrORy8&usp=sharing
DMP/A.LES.25.02498;Reforma de Rede Secundaria RTRI;LES;19/06/2026;Liberado para Execução;FI;16290248;010ET081182;19/06/2026 09:59;19/06/2026 14:00;Engelmig (Área 11) NEC e UPS;-23.69419658;-46.51067588;https://www.google.com/maps/place/-23.69419658,-46.51067588;https://www.google.com/maps/d/viewer?mid=10HwNRTu34UfYUParmwc_21swb9OrORy8&usp=sharing
DAC/A.NOR.26.00263;Ligação Nova;NOR;19/06/2026;Liberado para Execução;FI;16301918;351BF059253;19/06/2026 09:59;19/06/2026 14:00;Conecta Obras (Área 4 e 5) NEC;-23.48526905;-46.74190124;https://www.google.com/maps/place/-23.48526905,-46.74190124;https://www.google.com/maps/d/viewer?mid=10HwNRTu34UfYUParmwc_21swb9OrORy8&usp=sharing
DAC/A.NOR.26.00285;Ligação Nova;NOR;19/06/2026;Liberado para Execução;FI;16301918;351BF059253;19/06/2026 09:59;19/06/2026 14:00;Conecta Obras (Área 4 e 5) NEC;-23.48526905;-46.74190124;https://www.google.com/maps/place/-23.48526905,-46.74190124;https://www.google.com/maps/d/viewer?mid=10HwNRTu34UfYUParmwc_21swb9OrORy8&usp=sharing
DAC/A.NOR.26.00518;Alteração de Carga;NOR;19/06/2026;Liberado para Execução;FI;16305716;351BF052745;19/06/2026 09:59;19/06/2026 14:00;Conecta Obras (Área 4 e 5) NEC;-23.47723907;-46.5987659;https://www.google.com/maps/place/-23.47723907,-46.5987659;https://www.google.com/maps/d/viewer?mid=10HwNRTu34UfYUParmwc_21swb9OrORy8&usp=sharing
DAC/A.NOR.26.00487;Alteração de Carga;NOR;19/06/2026;Liberado para Execução;FI;16305716;351BF052745;19/06/2026 09:59;19/06/2026 14:00;Conecta Obras (Área 4 e 5) NEC;-23.47723907;-46.5987659;https://www.google.com/maps/place/-23.47723907,-46.5987659;https://www.google.com/maps/d/viewer?mid=10HwNRTu34UfYUParmwc_21swb9OrORy8&usp=sharing
DAC/A.NOR.26.00603;Alteração de Carga;NOR;19/06/2026;Liberado para Execução;FI;16301846;354ET143933;19/06/2026 09:59;19/06/2026 14:00;Conecta Obras (Área 4 e 5) NEC;-23.49677627;-46.61594999;https://www.google.com/maps/place/-23.49677627,-46.61594999;https://www.google.com/maps/d/viewer?mid=10HwNRTu34UfYUParmwc_21swb9OrORy8&usp=sharing
DAC/A.NOR.25.01763;Ligação Nova;NOR;19/06/2026;Liberado para Execução;FI;16301964;ET-002876;19/06/2026 09:59;19/06/2026 14:00;Conecta Obras (Área 4 e 5) NEC;-23.59582252;-46.63679362;https://www.google.com/maps/place/-23.59582252,-46.63679362;https://www.google.com/maps/d/viewer?mid=10HwNRTu34UfYUParmwc_21swb9OrORy8&usp=sharing
DAC/A.NOR.25.01116;Ligação Nova;NOR;19/06/2026;Liberado para Execução;FI;16302012;ET-500279;19/06/2026 09:59;19/06/2026 14:00;Conecta Obras (Área 4 e 5) NEC;-23.43709671;-46.59227877;https://www.google.com/maps/place/-23.43709671,-46.59227877;https://www.google.com/maps/d/viewer?mid=10HwNRTu34UfYUParmwc_21swb9OrORy8&usp=sharing
DAC/A.NOR.24.01511;Ligação Nova;NOR;19/06/2026;Liberado para Execução;FI;16301789;257ET120020;19/06/2026 09:59;19/06/2026 14:00;Conecta Obras (Área 4 e 5) NEC;-23.58295645;-46.63453336;https://www.google.com/maps/place/-23.58295645,-46.63453336;https://www.google.com/maps/d/viewer?mid=10HwNRTu34UfYUParmwc_21swb9OrORy8&usp=sharing
DAC/A.NOR.25.01373;Ligação Nova;NOR;19/06/2026;Liberado para Execução;FI;16321384;251ET014226;19/06/2026 09:59;19/06/2026 14:00;Conecta Obras (Área 4 e 5) NEC;-23.6351372;-46.67449988;https://www.google.com/maps/place/-23.6351372,-46.67449988;https://www.google.com/maps/d/viewer?mid=10HwNRTu34UfYUParmwc_21swb9OrORy8&usp=sharing
DAC/A.NOR.26.00426;Ligação Provisória;NOR;19/06/2026;Liberado para Execução;FI;16301718;151EP000844;19/06/2026 09:59;19/06/2026 14:00;Conecta Obras (Área 4 e 5) NEC;-23.55686164;-46.62842673;https://www.google.com/maps/place/-23.55686164,-46.62842673;https://www.google.com/maps/d/viewer?mid=10HwNRTu34UfYUParmwc_21swb9OrORy8&usp=sharing
DAC/A.NOR.25.01040;Ligação Nova;NOR;19/06/2026;Liberado para Execução;FI;16301581;251ET121759;19/06/2026 09:59;19/06/2026 14:00;Conecta Obras (Área 4 e 5) NEC;-23.62630282;-46.66723832;https://www.google.com/maps/place/-23.62630282,-46.66723832;https://www.google.com/maps/d/viewer?mid=10HwNRTu34UfYUParmwc_21swb9OrORy8&usp=sharing
DAC/A.NOR.25.01104;Alteração de Carga;NOR;19/06/2026;Liberado para Execução;FI;16301581;251ET121759;19/06/2026 09:59;19/06/2026 14:00;Conecta Obras (Área 4 e 5) NEC;-23.62630282;-46.66723832;https://www.google.com/maps/place/-23.62630282,-46.66723832;https://www.google.com/maps/d/viewer?mid=10HwNRTu34UfYUParmwc_21swb9OrORy8&usp=sharing
DAC/A.NOR.25.00236;Ligação Nova;NOR;19/06/2026;Liberado para Documentação;BRA;;251ET057775;19/06/2026 08:00;19/06/2026 17:00;Conecta Obras (Área 4 e 5) NEC;-23.61388584;-46.66785359;https://www.google.com/maps/place/-23.61388584,-46.66785359;https://www.google.com/maps/d/viewer?mid=10HwNRTu34UfYUParmwc_21swb9OrORy8&usp=sharing
DAC/A.LES.25.00223;Ligação Nova;LES;19/06/2026;Liberado para Documentação;BRA;;352BF007448;19/06/2026 09:00;19/06/2026 15:59;ZZOUT-PSC Alpitel Área 9;-23.49461429;-46.44279582;https://www.google.com/maps/place/-23.49461429,-46.44279582;https://www.google.com/maps/d/viewer?mid=10HwNRTu34UfYUParmwc_21swb9OrORy8&usp=sharing
DMP/A.LES.26.01973;Rede Compacta;LES;19/06/2026;Pendente de Aprovação;BRA;;356ET006533;19/06/2026 09:00;19/06/2026 17:00;Engelmig (Área 11) NEC e UPS;-23.57390421;-46.43091174;https://www.google.com/maps/place/-23.57390421,-46.43091174;https://www.google.com/maps/d/viewer?mid=10HwNRTu34UfYUParmwc_21swb9OrORy8&usp=sharing
DMP/A.LES.25.07670;Reforma de Rede Secundaria RTRI;LES;20/06/2026;Liberado para Execução;FI;16296246;356EP000914;20/06/2026 09:59;20/06/2026 15:00;ZZOUT-PSC Alpitel Área 9;-23.53390361;-46.52775277;https://www.google.com/maps/place/-23.53390361,-46.52775277;https://www.google.com/maps/d/viewer?mid=10HwNRTu34UfYUParmwc_21swb9OrORy8&usp=sharing
DAC/A.NOR.25.01755;Alteração de Carga;NOR;20/06/2026;Liberado para Execução;FI;DE;351ET001280;20/06/2026 09:59;20/06/2026 12:59;Conecta Obras (Área 4 e 5) NEC;-23.47623198;-46.6908768;https://www.google.com/maps/place/-23.47623198,-46.6908768;https://www.google.com/maps/d/viewer?mid=10HwNRTu34UfYUParmwc_21swb9OrORy8&usp=sharing
DMP/A.NOR.25.00780;Religador Automático;NOR;20/06/2026;Liberado para Execução;PIE;16331502;ET-049757;20/06/2026 09:59;20/06/2026 14:00;Conecta Obras (Área 4 e 5) NEC;-23.59832455;-46.68254439;https://www.google.com/maps/place/-23.59832455,-46.68254439;https://www.google.com/maps/d/viewer?mid=10HwNRTu34UfYUParmwc_21swb9OrORy8&usp=sharing
DAC/A.NOR.25.01653;Ligação Nova;NOR;20/06/2026;Liberado para Execução;PIE;16326480;257ET004667;20/06/2026 09:59;20/06/2026 14:00;Conecta Obras (Área 4 e 5) NEC;-23.59819733;-46.61847558;https://www.google.com/maps/place/-23.59819733,-46.61847558;https://www.google.com/maps/d/viewer?mid=10HwNRTu34UfYUParmwc_21swb9OrORy8&usp=sharing
DAC/A.NOR.25.01080;Ligação Provisória;NOR;20/06/2026;Liberado para Execução;PIE;16326480;257ET004667;20/06/2026 09:59;20/06/2026 14:00;Conecta Obras (Área 4 e 5) NEC;-23.59757243;-46.61928171;https://www.google.com/maps/place/-23.59757243,-46.61928171;https://www.google.com/maps/d/viewer?mid=10HwNRTu34UfYUParmwc_21swb9OrORy8&usp=sharing
DAC/A.LES.26.00362;Alteração de Carga;LES;20/06/2026;Cancelado;PIE;RESOLVIDO;352ET001120;20/06/2026 00:30;20/06/2026 04:30;Start Engenharia (Área 8B, 9  e 11) NEC;-23.49210255;-46.44256804;https://www.google.com/maps/place/-23.49210255,-46.44256804;https://www.google.com/maps/d/viewer?mid=10HwNRTu34UfYUParmwc_21swb9OrORy8&usp=sharing
DAC/A.LES.25.01023;Ligação Nova;LES;20/06/2026;Liberado para Execução;PIE;16326158;010ET220739;20/06/2026 09:59;20/06/2026 14:00;Start Engenharia (Área 8B, 9  e 11) NEC;-23.62178586;-46.5274452;https://www.google.com/maps/place/-23.62178586,-46.5274452;https://www.google.com/maps/d/viewer?mid=10HwNRTu34UfYUParmwc_21swb9OrORy8&usp=sharing
DAC/A.LES.25.00613;Ligação Nova;LES;20/06/2026;Liberado para Execução;PIE;16328459;353ET000516;20/06/2026 09:59;20/06/2026 14:00;Start Engenharia (Área 8B, 9  e 11) NEC;-23.5397409;-46.55310698;https://www.google.com/maps/place/-23.5397409,-46.55310698;https://www.google.com/maps/d/viewer?mid=10HwNRTu34UfYUParmwc_21swb9OrORy8&usp=sharing
DAC/A.NOR.25.00577;Ligação Nova;NOR;20/06/2026;Liberado para Execução;PIE;16328045;257ET046665;20/06/2026 09:59;20/06/2026 14:00;Conecta Obras (Área 4 e 5) NEC;-23.59517226;-46.64936303;https://www.google.com/maps/place/-23.59517226,-46.64936303;https://www.google.com/maps/d/viewer?mid=10HwNRTu34UfYUParmwc_21swb9OrORy8&usp=sharing
DAC/A.NOR.25.01470;Ligação Nova;NOR;20/06/2026;Liberado para Execução;FI;16295954;257EP001744;20/06/2026 09:59;20/06/2026 14:00;Conecta Obras (Área 4 e 5) NEC;-23.57958935;-46.60319514;https://www.google.com/maps/place/-23.57958935,-46.60319514;https://www.google.com/maps/d/viewer?mid=10HwNRTu34UfYUParmwc_21swb9OrORy8&usp=sharing
DAC/A.NOR.25.01677;Ligação Nova;NOR;21/06/2026;Liberado para Execução;PIE;16333255;257IP18J139;21/06/2026 09:59;21/06/2026 12:59;Conecta Obras (Área 4 e 5) NEC;-23.5959032;-46.64506959;https://www.google.com/maps/place/-23.5959032,-46.64506959;https://www.google.com/maps/d/viewer?mid=10HwNRTu34UfYUParmwc_21swb9OrORy8&usp=sharing
DAC/A.NOR.26.00307;Migração para Média Tensão;NOR;21/06/2026;Liberado para Execução;PIE;devolvido;151ET034454;21/06/2026 09:59;21/06/2026 14:00;Conecta Obras (Área 4 e 5) NEC;-23.55780635;-46.63285611;https://www.google.com/maps/place/-23.55780635,-46.63285611;https://www.google.com/maps/d/viewer?mid=10HwNRTu34UfYUParmwc_21swb9OrORy8&usp=sharing
DAC/A.NOR.26.00213;Migração para Média Tensão;NOR;21/06/2026;Liberado para Execução;PIE;16338782;ET-000286;21/06/2026 09:59;21/06/2026 14:00;Conecta Obras (Área 4 e 5) NEC;-23.60145616;-46.66004976;https://www.google.com/maps/place/-23.60145616,-46.66004976;https://www.google.com/maps/d/viewer?mid=10HwNRTu34UfYUParmwc_21swb9OrORy8&usp=sharing
DAC/A.NOR.26.00314;Ligação Nova;NOR;21/06/2026;Liberado para Execução;PIE;16332836;257ET002302;21/06/2026 09:59;21/06/2026 14:00;Conecta Obras (Área 4 e 5) NEC;-23.6058875;-46.61362125;https://www.google.com/maps/place/-23.6058875,-46.61362125;https://www.google.com/maps/d/viewer?mid=10HwNRTu34UfYUParmwc_21swb9OrORy8&usp=sharing
DAC/A.LES.25.01112;Remoção de Poste;LES;21/06/2026;Liberado para Execução;FI;16295218;353ET037967;21/06/2026 09:59;21/06/2026 14:00;Conecta Obras Extras (Área 8B, 9 e 11) NEC;-23.5661554;-46.51198405;https://www.google.com/maps/place/-23.5661554,-46.51198405;https://www.google.com/maps/d/viewer?mid=10HwNRTu34UfYUParmwc_21swb9OrORy8&usp=sharing
DAC/A.NOR.25.01668;Remoção de Poste;NOR;21/06/2026;Liberado para Execução;FI;16290654;251ET037147;21/06/2026 09:59;21/06/2026 14:00;Conecta Obras (Área 4 e 5) NEC;-23.58927532;-46.67848779;https://www.google.com/maps/place/-23.58927532,-46.67848779;https://www.google.com/maps/d/viewer?mid=10HwNRTu34UfYUParmwc_21swb9OrORy8&usp=sharing
DAC/A.NOR.26.00141;Ligação Nova;NOR;21/06/2026;Liberado para Execução;PIE;DEVOLVIDO;354ET006211;21/06/2026 01:30;21/06/2026 03:59;Conecta Obras (Área 4 e 5) NEC;-23.49244696;-46.61865946;https://www.google.com/maps/place/-23.49244696,-46.61865946;https://www.google.com/maps/d/viewer?mid=10HwNRTu34UfYUParmwc_21swb9OrORy8&usp=sharing
DAC/A.NOR.26.00144;Ligação Nova;NOR;21/06/2026;Liberado para Execução;PIE;DEVOLVIDO;354CF007566;21/06/2026 01:30;21/06/2026 03:59;Conecta Obras (Área 4 e 5) NEC;-23.49244696;-46.61865946;https://www.google.com/maps/place/-23.49244696,-46.61865946;https://www.google.com/maps/d/viewer?mid=10HwNRTu34UfYUParmwc_21swb9OrORy8&usp=sharing
DAC/A.NOR.26.00138;Ligação Nova;NOR;21/06/2026;Liberado para Execução;PIE;DEVOLVIDO;354ET094148;21/06/2026 01:30;21/06/2026 03:59;Conecta Obras (Área 4 e 5) NEC;-23.49244696;-46.61865946;https://www.google.com/maps/place/-23.49244696,-46.61865946;https://www.google.com/maps/d/viewer?mid=10HwNRTu34UfYUParmwc_21swb9OrORy8&usp=sharing
DAC/A.NOR.26.00138;Ligação Nova;NOR;21/06/2026;Liberado para Documentação;BRA;;354CF050918;21/06/2026 09:00;21/06/2026 17:00;Conecta Obras (Área 4 e 5) NEC;-23.49244696;-46.61865946;https://www.google.com/maps/place/-23.49244696,-46.61865946;https://www.google.com/maps/d/viewer?mid=10HwNRTu34UfYUParmwc_21swb9OrORy8&usp=sharing
DAC/A.NOR.26.00142;Ligação Nova;NOR;21/06/2026;Liberado para Execução;OLVR;;354ET091403;21/06/2026 09:00;21/06/2026 17:00;Conecta Obras (Área 4 e 5) NEC;-23.49244696;-46.61865946;https://www.google.com/maps/place/-23.49244696,-46.61865946;https://www.google.com/maps/d/viewer?mid=10HwNRTu34UfYUParmwc_21swb9OrORy8&usp=sharing
DAC/A.NOR.26.00140;Ligação Nova;NOR;21/06/2026;Liberado para Execução;OLVR;;354ET140612;21/06/2026 09:00;21/06/2026 17:00;Conecta Obras (Área 4 e 5) NEC;-23.49244696;-46.61865946;https://www.google.com/maps/place/-23.49244696,-46.61865946;https://www.google.com/maps/d/viewer?mid=10HwNRTu34UfYUParmwc_21swb9OrORy8&usp=sharing
DAC/A.NOR.26.00162;Ligação Nova;NOR;21/06/2026;Liberado para Execução;OLVR;;354CF050918;21/06/2026 09:00;21/06/2026 17:00;Conecta Obras (Área 4 e 5) NEC;-23.49244696;-46.61865946;https://www.google.com/maps/place/-23.49244696,-46.61865946;https://www.google.com/maps/d/viewer?mid=10HwNRTu34UfYUParmwc_21swb9OrORy8&usp=sharing
DAC/A.NOR.26.00143;Ligação Nova;NOR;21/06/2026;Liberado para Execução;OLVR;;354ET133603;21/06/2026 09:00;21/06/2026 17:00;Conecta Obras (Área 4 e 5) NEC;-23.49244696;-46.61865946;https://www.google.com/maps/place/-23.49244696,-46.61865946;https://www.google.com/maps/d/viewer?mid=10HwNRTu34UfYUParmwc_21swb9OrORy8&usp=sharing
DAC/A.NOR.26.00340;Ligação Nova;NOR;21/06/2026;Liberado para Execução;FI;16295454;354ET500676;21/06/2026 09:59;21/06/2026 14:00;Conecta Obras (Área 4 e 5) NEC;-23.48247649;-46.61203733;https://www.google.com/maps/place/-23.48247649,-46.61203733;https://www.google.com/maps/d/viewer?mid=10HwNRTu34UfYUParmwc_21swb9OrORy8&usp=sharing
DAC/A.NOR.23.00781;Afastamento de Rede (Clientes);NOR;21/06/2026;Liberado para Documentação;BRA;;351CF009133;21/06/2026 08:00;21/06/2026 17:00;Conecta Obras Extras (Área 4 e 5) NEC;0;0;https://www.google.com/maps/place/0,0;https://www.google.com/maps/d/viewer?mid=10HwNRTu34UfYUParmwc_21swb9OrORy8&usp=sharing
DAC/A.NOR.25.00075;Ligação Nova;NOR;21/06/2026;Liberado para Documentação;BRA;;351ET132907;21/06/2026 09:00;21/06/2026 17:00;Conecta Obras (Área 4 e 5) NEC;-23.49382529;-46.69348098;https://www.google.com/maps/place/-23.49382529,-46.69348098;https://www.google.com/maps/d/viewer?mid=10HwNRTu34UfYUParmwc_21swb9OrORy8&usp=sharing
DAC/A.LES.26.00396;Ligação Nova;LES;22/06/2026;Rascunho;PIE;;CF-155555;22/06/2026 09:59;22/06/2026 14:00;Start Engenharia (Área 8B, 9  e 11) NEC;-23.49380021;-46.50708467;https://www.google.com/maps/place/-23.49380021,-46.50708467;https://www.google.com/maps/d/viewer?mid=10HwNRTu34UfYUParmwc_21swb9OrORy8&usp=sharing
DMP/A.LES.25.07406;Reforma de Rede Secundaria RTRI;LES;22/06/2026;Liberado para Execução;FI;16302645;352ET047074;22/06/2026 09:59;22/06/2026 14:00;Start Engenharia (Área 8B, 9  e 11) NEC;-23.51214362;-46.42869403;https://www.google.com/maps/place/-23.51214362,-46.42869403;https://www.google.com/maps/d/viewer?mid=10HwNRTu34UfYUParmwc_21swb9OrORy8&usp=sharing
DMP/A.LES.25.07275;Reforma de Rede Secundaria RTRI;LES;22/06/2026;Liberado para Execução;FI;16302645;352ET047074;22/06/2026 09:59;22/06/2026 14:00;ZZOUT-PSC Alpitel Área 9;-23.51214362;-46.42869403;https://www.google.com/maps/place/-23.51214362,-46.42869403;https://www.google.com/maps/d/viewer?mid=10HwNRTu34UfYUParmwc_21swb9OrORy8&usp=sharing
DAC/A.LES.25.00923;Migração para Média Tensão;LES;22/06/2026;Liberado para Documentação;BRA;;352ET005860;22/06/2026 09:00;22/06/2026 12:59;Start Engenharia (Área 8B, 9  e 11) NEC;-23.50177441;-46.442595;https://www.google.com/maps/place/-23.50177441,-46.442595;https://www.google.com/maps/d/viewer?mid=10HwNRTu34UfYUParmwc_21swb9OrORy8&usp=sharing
DMP/A.LES.25.04887;Reforma de Rede Secundaria RTRI;LES;22/06/2026;Liberado para Execução;FI;16296826;356ET005108;22/06/2026 09:59;22/06/2026 14:00;Engelmig (Área 11) NEC e UPS;-23.52573863;-46.45561788;https://www.google.com/maps/place/-23.52573863,-46.45561788;https://www.google.com/maps/d/viewer?mid=10HwNRTu34UfYUParmwc_21swb9OrORy8&usp=sharing
DMP/A.LES.22.05531;Reforma de Rede Secundária;LES;22/06/2026;Liberado para Execução;OLVR;;352ET092929;22/06/2026 09:00;22/06/2026 15:59;Engelmig (Área 11) NEC e UPS;-23.49260442;-46.4772245;https://www.google.com/maps/place/-23.49260442,-46.4772245;https://www.google.com/maps/d/viewer?mid=10HwNRTu34UfYUParmwc_21swb9OrORy8&usp=sharing
DAC/A.LES.26.00773;Ligação Nova;LES;22/06/2026;Liberado para Execução;FI;16296777;353ET018334;22/06/2026 09:59;22/06/2026 14:00;Start Engenharia (Área 8B, 9  e 11) NEC;-23.52921428;-46.53002255;https://www.google.com/maps/place/-23.52921428,-46.53002255;https://www.google.com/maps/d/viewer?mid=10HwNRTu34UfYUParmwc_21swb9OrORy8&usp=sharing
DAC/A.LES.26.00757;Ligação Nova;LES;22/06/2026;Liberado para Documentação;BRA;;353ET003029;22/06/2026 13:30;22/06/2026 16:30;Start Engenharia (Área 8B, 9  e 11) NEC;-23.52921428;-46.53002255;https://www.google.com/maps/place/-23.52921428,-46.53002255;https://www.google.com/maps/d/viewer?mid=10HwNRTu34UfYUParmwc_21swb9OrORy8&usp=sharing
DMP/A.LES.25.00986;Rede Compacta;LES;22/06/2026;Liberado para Documentação;BRA;;015ET060858;22/06/2026 09:00;22/06/2026 12:59;Start Engenharia (Área 8B, 9  e 11) NEC;-23.65533464;-46.46658655;https://www.google.com/maps/place/-23.65533464,-46.46658655;https://www.google.com/maps/d/viewer?mid=10HwNRTu34UfYUParmwc_21swb9OrORy8&usp=sharing
DMP/A.LES.25.00990;Rede Compacta;LES;22/06/2026;Liberado para Documentação;BRA;;015ET023886;22/06/2026 12:59;22/06/2026 15:59;Start Engenharia (Área 8B, 9  e 11) NEC;-23.65533464;-46.46658655;https://www.google.com/maps/place/-23.65533464,-46.46658655;https://www.google.com/maps/d/viewer?mid=10HwNRTu34UfYUParmwc_21swb9OrORy8&usp=sharing
DMP/A.LES.21.27293;Rede Compacta;LES;22/06/2026;Liberado para Execução;FI;16321367;356ET167006;22/06/2026 09:59;22/06/2026 14:00;Engelmig (Área 11) NEC e UPS;-23.60675915;-46.43802425;https://www.google.com/maps/place/-23.60675915,-46.43802425;https://www.google.com/maps/d/viewer?mid=10HwNRTu34UfYUParmwc_21swb9OrORy8&usp=sharing
DMP/A.LES.26.01073;Rede Compacta;LES;22/06/2026;Pendente de Aprovação;BRA;;356ET160965;22/06/2026 09:00;22/06/2026 17:00;Engelmig (Área 11) NEC e UPS;-23.59445801;-46.41924494;https://www.google.com/maps/place/-23.59445801,-46.41924494;https://www.google.com/maps/d/viewer?mid=10HwNRTu34UfYUParmwc_21swb9OrORy8&usp=sharing
