Projeto;Tipo de Serviço;Região;Data Prog.;Status;Intervenção;OS;Equipamento;Início Prog.;Fim Prog.;Parceira;Latitude;Longitude;Link Google Maps
DAC/A.LES.25.00749;Alteração de Carga;LES;26/06/2026;Liberado para Documentação;PIE;;353ET053245;26/06/2026 00:29;26/06/2026 04:30;Start Engenharia (Área 8B, 9  e 11) NEC;-23.54629756;-46.62224529;https://www.google.com/maps/place/-23.54629756,-46.62224529
DAC/A.NOR.26.00554;Ligação Nova;NOR;26/06/2026;Liberado para Execução;BRA;16378972;251ET042486;26/06/2026 07:59;26/06/2026 16:59;Conecta Obras (Área 4 e 5) NEC;-23.5662875;-46.65685879;https://www.google.com/maps/place/-23.5662875,-46.65685879
DAC/A.NOR.25.01461;Ligação Nova;NOR;26/06/2026;Liberado para Execução;OLVR;;257ET018850;26/06/2026 07:59;26/06/2026 16:59;Conecta Obras (Área 4 e 5) NEC;-23.56480511;-46.61819248;https://www.google.com/maps/place/-23.56480511,-46.61819248
DAC/A.LES.24.01009;Remoção de Posto Primário;LES;26/06/2026;Liberado para Execução;BRA;16379605;356ET072637;26/06/2026 09:00;26/06/2026 16:00;ZZOUT-PSC Alpitel Área 9;-23.51787433;-46.38584905;https://www.google.com/maps/place/-23.51787433,-46.38584905
DMP/A.LES.26.02762;Religador Automático;LES;26/06/2026;Liberado para Documentação;BRA;;356ET160632;26/06/2026 09:00;26/06/2026 16:00;Alpitel Energy (Área 7, 8A e 10) NEC;-23.56655254;-46.41802376;https://www.google.com/maps/place/-23.56655254,-46.41802376
DMP/A.LES.26.02778;Religador Automático;LES;26/06/2026;Liberado para Documentação;BRA;;356ET093237;26/06/2026 09:00;26/06/2026 16:00;Alpitel Energy (Área 7, 8A e 10) NEC;-23.59295002;-46.41016548;https://www.google.com/maps/place/-23.59295002,-46.41016548
DAC/A.NOR.26.00413;Afastamento de Rede (Clientes);NOR;26/06/2026;Liberado para Execução;OLVR;;351ET037570;26/06/2026 09:00;26/06/2026 16:59;Conecta Obras (Área 4 e 5) NEC;-23.44417235;-46.78647304;https://www.google.com/maps/place/-23.44417235,-46.78647304
DMP/A.LES.26.00032;Reforma de Rede Secundaria RTRI;LES;26/06/2026;Liberado para Execução;FI;16306270;356ET027525;26/06/2026 10:00;26/06/2026 13:59;Start Engenharia (Área 8B, 9  e 11) NEC;-23.55543936;-46.39535565;https://www.google.com/maps/place/-23.55543936,-46.39535565
DAC/A.NOR.26.00406;Remoção de Poste;NOR;26/06/2026;Liberado para Execução;PIE;16358465;251BF061938;26/06/2026 10:00;26/06/2026 13:59;Conecta Obras (Área 4 e 5) NEC;-23.62119427;-46.65050215;https://www.google.com/maps/place/-23.62119427,-46.65050215
DAC/A.NOR.26.00521;Alteração de Carga;NOR;26/06/2026;Liberado para Execução;PIE;16359042;351ET141600;26/06/2026 10:00;26/06/2026 13:00;Conecta Obras (Área 4 e 5) NEC;-23.51151376;-46.65427038;https://www.google.com/maps/place/-23.51151376,-46.65427038
DMP/A.LES.26.01962;Rede Compacta;LES;26/06/2026;Liberado para Execução;FI;16300571;356BF041141;26/06/2026 10:00;26/06/2026 13:59;Engelmig (Área 11) NEC e UPS;-23.60035849;-46.44317107;https://www.google.com/maps/place/-23.60035849,-46.44317107
DAC/A.LES.26.00491;Ligação Nova;LES;26/06/2026;Liberado para Execução;FI;16322967;352ET006101;26/06/2026 10:00;26/06/2026 13:59;Start Engenharia (Área 8B, 9  e 11) NEC;-23.50593063;-46.47611133;https://www.google.com/maps/place/-23.50593063,-46.47611133
DAC/A.LES.21.00068;Regularização de Ligações Informais;LES;26/06/2026;Liberado para Execução;FI;16327618;025ET018506;26/06/2026 10:00;26/06/2026 13:59;Start Engenharia (Área 8B, 9  e 11) NEC;-23.7364833;-46.35607817;https://www.google.com/maps/place/-23.7364833,-46.35607817
DAC/A.NOR.26.00281;Remoção de Poste;NOR;26/06/2026;Liberado para Execução;FI;16333947;354ET017549;26/06/2026 10:00;26/06/2026 13:59;Conecta Obras (Área 4 e 5) NEC;-23.51731743;-46.58373845;https://www.google.com/maps/place/-23.51731743,-46.58373845
DAC/A.NOR.26.00606;Alteração de Carga;NOR;26/06/2026;Liberado para Execução;FI;DEVOLVIDA;351ET004173;26/06/2026 10:00;26/06/2026 13:59;Conecta Obras (Área 4 e 5) NEC;-23.49321442;-46.6870204;https://www.google.com/maps/place/-23.49321442,-46.6870204
DAC/A.LES.26.00138;Regularização de Ligações Informais;LES;26/06/2026;Liberado para Execução;FI;16327618;025ET018506;26/06/2026 10:00;26/06/2026 13:59;Start Engenharia (Área 8B, 9  e 11) NEC;-23.7364833;-46.35607817;https://www.google.com/maps/place/-23.7364833,-46.35607817
DAC/A.NOR.25.00534;Ligação Nova;NOR;26/06/2026;Liberado para Execução;FI;16333660;151ET023406;26/06/2026 10:00;26/06/2026 13:59;Conecta Obras (Área 4 e 5) NEC;-23.55767458;-46.63199705;https://www.google.com/maps/place/-23.55767458,-46.63199705
DAC/A.NOR.25.01510;Afastamento de Rede (Clientes);NOR;26/06/2026;Liberado para Execução;FI;16333660;151ET023406;26/06/2026 10:00;26/06/2026 13:59;Conecta Obras Extras (Área 4 e 5) NEC;-23.55767458;-46.63199705;https://www.google.com/maps/place/-23.55767458,-46.63199705
DAC/A.NOR.23.00884;Afastamento de Rede (Clientes);NOR;26/06/2026;Liberado para Execução;FI;16333772;351ET024995;26/06/2026 10:00;26/06/2026 13:59;ZZOUT-Conecta Área 4 (Contrato Antigo);-23.49328116;-46.64849521;https://www.google.com/maps/place/-23.49328116,-46.64849521
DAC/A.LES.25.01260;Remoção de Poste;LES;26/06/2026;Liberado para Execução;PIE;16323407;010ET230313;26/06/2026 22:59;27/06/2026 03:00;Start Engenharia (Área 8B, 9  e 11) NEC;-23.66700933;-46.53321245;https://www.google.com/maps/place/-23.66700933,-46.53321245
DAC/A.NOR.24.01034;Ligação Nova;NOR;27/06/2026;Liberado para Documentação;BRA;16380738;257ET002551;27/06/2026 07:59;27/06/2026 16:59;Conecta Obras (Área 4 e 5) NEC;-23.60640564;-46.59932995;https://www.google.com/maps/place/-23.60640564,-46.59932995
DMP/A.LES.26.00687;Instalação de equipamentos de proteção;LES;27/06/2026;Liberado para Documentação;BRA;;352ET008375;27/06/2026 07:59;27/06/2026 18:00;Alpitel Energy (Área 7, 8A e 10) NEC;-23.51593255;-46.50943078;https://www.google.com/maps/place/-23.51593255,-46.50943078
DMP/A.LES.26.02577;Segurança Operativa;LES;27/06/2026;Liberado para Execução;OLVR;;356ET054228;27/06/2026 09:00;27/06/2026 16:00;Start Engenharia (Área 8B, 9  e 11) NEC;-23.59714971;-46.4570628;https://www.google.com/maps/place/-23.59714971,-46.4570628
DMP/A.LES.26.02574;Segurança Operativa;LES;27/06/2026;Liberado para Execução;OLVR;;356ET021161;27/06/2026 09:00;27/06/2026 16:00;Start Engenharia (Área 8B, 9  e 11) NEC;-23.59714971;-46.4570628;https://www.google.com/maps/place/-23.59714971,-46.4570628
DAC/A.NOR.25.01598;Ligação Provisória;NOR;27/06/2026;Liberado para Execução;PIE;16362544;257EP029088;27/06/2026 10:00;27/06/2026 13:59;Conecta Obras (Área 4 e 5) NEC;-23.56117369;-46.6164272;https://www.google.com/maps/place/-23.56117369,-46.6164272
DAC/A.LES.22.00876;Remoção de Poste;LES;27/06/2026;Liberado para Execução;PIE;16363942;356ET034590;27/06/2026 10:00;27/06/2026 13:59;Start Engenharia (Área 8B, 9  e 11) NEC;-23.5944939;-46.44285937;https://www.google.com/maps/place/-23.5944939,-46.44285937
DAC/A.LES.22.00853;Remoção de Poste;LES;27/06/2026;Cancelado;PIE;RESOLVIDO;356ET044956;27/06/2026 10:00;27/06/2026 13:59;Start Engenharia (Área 8B, 9  e 11) NEC;-23.5944939;-46.44285937;https://www.google.com/maps/place/-23.5944939,-46.44285937
DAC/A.LES.22.00766;Remoção de Poste;LES;27/06/2026;Cancelado;PIE;RESOLVIDO;356ET044956;27/06/2026 10:00;27/06/2026 13:59;Start Engenharia (Área 8B, 9  e 11) NEC;-23.5944939;-46.44285937;https://www.google.com/maps/place/-23.5944939,-46.44285937
DAC/A.LES.26.00868;Ligação Nova;LES;27/06/2026;Liberado para Execução;PIE;16364007;355ET021670;27/06/2026 10:00;27/06/2026 15:00;Start Engenharia (Área 8B, 9  e 11) NEC;-23.54123811;-46.59026596;https://www.google.com/maps/place/-23.54123811,-46.59026596
DAC/A.NOR.26.00328;Remoção de Poste;NOR;27/06/2026;Liberado para Execução;FI;16328544;257ET096094;27/06/2026 10:00;27/06/2026 13:59;Conecta Obras (Área 4 e 5) NEC;-23.58110301;-46.63928789;https://www.google.com/maps/place/-23.58110301,-46.63928789
DAC/A.NOR.24.00283;Afastamento de Rede (Clientes);NOR;27/06/2026;Liberado para Execução;PIE;RESOLVIDO;251CF038821;27/06/2026 10:00;27/06/2026 13:59;Conecta Obras Extras (Área 4 e 5) NEC;-23.63128105;-46.66813495;https://www.google.com/maps/place/-23.63128105,-46.66813495
DAC/A.NOR.24.00282;Afastamento de Rede (Clientes);NOR;27/06/2026;Liberado para Execução;PIE;16380719;251CF038821;27/06/2026 10:00;27/06/2026 13:59;Conecta Obras Extras (Área 4 e 5) NEC;-23.63128105;-46.66813495;https://www.google.com/maps/place/-23.63128105,-46.66813495
DAC/A.NOR.24.00234;Afastamento de Rede (Clientes);NOR;27/06/2026;Liberado para Execução;PIE;16380719;251CF038821;27/06/2026 10:00;27/06/2026 13:59;Conecta Obras Extras (Área 4 e 5) NEC;-23.63128105;-46.66813495;https://www.google.com/maps/place/-23.63128105,-46.66813495
DAC/A.NOR.24.00280;Afastamento de Rede (Clientes);NOR;27/06/2026;Liberado para Execução;PIE;16380719;251CF038821;27/06/2026 10:00;27/06/2026 13:59;Conecta Obras Extras (Área 4 e 5) NEC;-23.63128105;-46.66813495;https://www.google.com/maps/place/-23.63128105,-46.66813495
DAC/A.NOR.24.00281;Afastamento de Rede (Clientes);NOR;27/06/2026;Liberado para Execução;PIE;16380719;251CF038821;27/06/2026 10:00;27/06/2026 13:59;Conecta Obras Extras (Área 4 e 5) NEC;-23.63128105;-46.66813495;https://www.google.com/maps/place/-23.63128105,-46.66813495
DAC/A.NOR.25.00979;Ligação Provisória;NOR;27/06/2026;Liberado para Execução;PIE;16380719;251ET132431;27/06/2026 10:00;27/06/2026 13:59;Conecta Obras (Área 4 e 5) NEC;-23.62664226;-46.66154939;https://www.google.com/maps/place/-23.62664226,-46.66154939
DAC/A.LES.26.00794;Ligação Nova;LES;28/06/2026;Liberado para Execução;BRA;16413772;355ET170462;28/06/2026 09:00;28/06/2026 16:00;Alpitel Energy (Área 7, 8A e 10) NEC;-23.55124074;-46.59994386;https://www.google.com/maps/place/-23.55124074,-46.59994386
DMP/A.LES.24.05716;Rede Compacta;LES;28/06/2026;Liberado para Execução;PIE;16364437;010ET076810;28/06/2026 09:29;28/06/2026 13:30;Engelmig (Área 11) NEC e UPS;-23.67077006;-46.51496591;https://www.google.com/maps/place/-23.67077006,-46.51496591
DAC/A.NOR.24.01517;Ligação Nova;NOR;29/06/2026;Liberado para Execução;BRA;16398367;251IP16J209;29/06/2026 07:59;29/06/2026 16:59;Conecta Obras (Área 4 e 5) NEC;-23.59383967;-46.68083457;https://www.google.com/maps/place/-23.59383967,-46.68083457
DAC/A.NOR.24.01518;Ligação Nova;NOR;29/06/2026;Liberado para Execução;BRA;16398367;251IP16J209;29/06/2026 07:59;29/06/2026 16:59;Conecta Obras (Área 4 e 5) NEC;-23.59383967;-46.68083457;https://www.google.com/maps/place/-23.59383967,-46.68083457
DAC/A.NOR.25.01806;Ligação Nova;NOR;29/06/2026;Liberado para Execução;BRA;16398191;251BF062473;29/06/2026 07:59;29/06/2026 16:59;Conecta Obras (Área 4 e 5) NEC;-23.59603202;-46.68276647;https://www.google.com/maps/place/-23.59603202,-46.68276647
DAC/A.LES.25.00716;Ligação Nova;LES;29/06/2026;Liberado para Execução;FI;16340514;356ET020602;29/06/2026 09:00;29/06/2026 13:00;Alpitel Energy (Área 7, 8A e 10) NEC;-23.53771315;-46.47101989;https://www.google.com/maps/place/-23.53771315,-46.47101989
DAC/A.NOR.26.00509;Ligação Provisória;NOR;29/06/2026;Liberado para Execução;BRA;16413561;354ET043821;29/06/2026 09:00;29/06/2026 16:59;Conecta Obras (Área 4 e 5) NEC;-23.48775792;-46.62626606;https://www.google.com/maps/place/-23.48775792,-46.62626606
DAC/A.NOR.26.00510;Ligação Provisória;NOR;29/06/2026;Liberado para Execução;BRA;16413561;354ET043821;29/06/2026 09:00;29/06/2026 16:59;Conecta Obras (Área 4 e 5) NEC;-23.48775792;-46.62626606;https://www.google.com/maps/place/-23.48775792,-46.62626606
DAC/A.NOR.25.01003;Ligação Nova;NOR;29/06/2026;Liberado para Execução;FI;16340712;354ET006107;29/06/2026 10:00;29/06/2026 13:59;Conecta Obras (Área 4 e 5) NEC;-23.46795065;-46.59846895;https://www.google.com/maps/place/-23.46795065,-46.59846895
DAC/A.NOR.26.00274;Alteração de Carga;NOR;29/06/2026;Liberado para Execução;FI;16355759;151ET024733;29/06/2026 10:00;29/06/2026 13:59;Conecta Obras (Área 4 e 5) NEC;-23.56594601;-46.66046908;https://www.google.com/maps/place/-23.56594601,-46.66046908
DAC/A.NOR.26.00445;Ligação Provisória;NOR;29/06/2026;Liberado para Execução;PIE;16374719;257ET122672;29/06/2026 10:00;29/06/2026 13:59;Conecta Obras (Área 4 e 5) NEC;-23.60958814;-46.62236776;https://www.google.com/maps/place/-23.60958814,-46.62236776
DMP/A.LES.26.01972;Rede Compacta;LES;29/06/2026;Pendente de Aprovação;FI;;356ET167065;29/06/2026 10:00;29/06/2026 13:59;Engelmig (Área 11) NEC e UPS;-23.57581919;-46.42960851;https://www.google.com/maps/place/-23.57581919,-46.42960851
DAC/A.LES.25.00971;Ligação Nova;LES;30/06/2026;Liberado para Execução;PIE;16326257;010ET003218;30/06/2026 00:29;30/06/2026 04:30;Start Engenharia (Área 8B, 9  e 11) NEC;-23.67010861;-46.53111024;https://www.google.com/maps/place/-23.67010861,-46.53111024
DAC/A.NOR.25.00928;Ligação Nova;NOR;30/06/2026;Liberado para Execução;OLVR;;351CF110510;30/06/2026 07:59;30/06/2026 16:59;Conecta Obras (Área 4 e 5) NEC;-23.60345331;-46.67630658;https://www.google.com/maps/place/-23.60345331,-46.67630658
DAC/A.NOR.25.00172;Ligação Nova;NOR;30/06/2026;Liberado para Execução;BRA;16413805;251ET120749;30/06/2026 07:59;30/06/2026 16:59;Conecta Obras (Área 4 e 5) NEC;-23.62541958;-46.69164417;https://www.google.com/maps/place/-23.62541958,-46.69164417
DAC/A.NOR.25.01497;Remoção de Poste;NOR;30/06/2026;Liberado para Documentação;BRA;;251ET120823;30/06/2026 07:59;30/06/2026 16:59;Conecta Obras (Área 4 e 5) NEC;-23.60402029;-46.66810199;https://www.google.com/maps/place/-23.60402029,-46.66810199
DAC/A.NOR.26.00569;Ligação Nova;NOR;30/06/2026;Liberado para Execução;BRA;16413556;152ET085418;30/06/2026 07:59;30/06/2026 16:59;Conecta Obras (Área 4 e 5) NEC;-23.52006436;-46.66283718;https://www.google.com/maps/place/-23.52006436,-46.66283718
DAC/A.NOR.25.01040;Ligação Nova;NOR;30/06/2026;Liberado para Execução;BRA;16413924;251ET121759;30/06/2026 07:59;30/06/2026 16:59;Conecta Obras (Área 4 e 5) NEC;-23.62630282;-46.66723832;https://www.google.com/maps/place/-23.62630282,-46.66723832
DAC/A.NOR.25.00577;Ligação Nova;NOR;30/06/2026;Liberado para Execução;BRA;16412908;257EP045661;30/06/2026 07:59;30/06/2026 16:59;Conecta Obras (Área 4 e 5) NEC;-23.59517226;-46.64936303;https://www.google.com/maps/place/-23.59517226,-46.64936303
DAC/A.NOR.25.01476;Ligação Nova;NOR;30/06/2026;Liberado para Execução;BRA;16398155;354ET067532;30/06/2026 09:00;30/06/2026 16:00;Conecta Obras (Área 4 e 5) NEC;-23.48750937;-46.61262722;https://www.google.com/maps/place/-23.48750937,-46.61262722
DAC/A.NOR.26.00399;Remoção de Posto Primário;NOR;30/06/2026;Liberado para Execução;BRA;16398499;251EP029327;30/06/2026 09:00;30/06/2026 16:59;Conecta Obras (Área 4 e 5) NEC;-23.60529068;-46.69620498;https://www.google.com/maps/place/-23.60529068,-46.69620498
DAC/A.NOR.26.00234;Remoção de Poste;NOR;30/06/2026;Liberado para Execução;PIE;16398952;251CF110436;30/06/2026 09:00;30/06/2026 13:59;Conecta Obras (Área 4 e 5) NEC;-23.62839498;-46.6624531;https://www.google.com/maps/place/-23.62839498,-46.6624531
DAC/A.LES.26.00509;Alteração de Carga;LES;30/06/2026;Liberado para Execução;PIE;16355863;352ET160307;30/06/2026 10:00;30/06/2026 13:59;Start Engenharia (Área 8B, 9  e 11) NEC;-23.51989109;-46.48004737;https://www.google.com/maps/place/-23.51989109,-46.48004737
DAC/A.NOR.26.00548;Alteração de Carga;NOR;30/06/2026;Liberado para Execução;FI;16356975;351ET040314;30/06/2026 10:00;30/06/2026 13:59;Conecta Obras (Área 4 e 5) NEC;-23.48977825;-46.74242065;https://www.google.com/maps/place/-23.48977825,-46.74242065
DAC/A.NOR.24.00977;Remoção de Poste;NOR;30/06/2026;Liberado para Execução;FI;16375266;251ET011617;30/06/2026 10:00;30/06/2026 13:59;ZZOUT-Conecta Área 5 (Contrato Antigo);-23.62734173;-46.69168327;https://www.google.com/maps/place/-23.62734173,-46.69168327
DAC/A.NOR.26.00363;Remoção de Poste;NOR;30/06/2026;Liberado para Execução;FI;16356837;257ET004352;30/06/2026 10:00;30/06/2026 13:59;Conecta Obras (Área 4 e 5) NEC;-23.62268617;-46.61340556;https://www.google.com/maps/place/-23.62268617,-46.61340556
DAC/A.NOR.25.01328;Ligação Nova;NOR;30/06/2026;Liberado para Execução;FI;16369607;DJMOR0105;30/06/2026 10:00;30/06/2026 13:59;Conecta Obras (Área 4 e 5) NEC;-23.60782985;-46.6915709;https://www.google.com/maps/place/-23.60782985,-46.6915709
DAC/A.NOR.25.01501;Ligação Nova;NOR;30/06/2026;Liberado para Execução;FI;16356838;257ET068755;30/06/2026 10:00;30/06/2026 13:59;Conecta Obras (Área 4 e 5) NEC;-23.57481284;-46.6545268;https://www.google.com/maps/place/-23.57481284,-46.6545268
DAC/A.NOR.23.00843;Afastamento de Rede (Clientes);NOR;30/06/2026;Liberado para Execução;PIE;16380409;354ET003439;30/06/2026 10:00;30/06/2026 12:00;Conecta Obras Extras (Área 4 e 5) NEC;-23.4802103;-46.65583919;https://www.google.com/maps/place/-23.4802103,-46.65583919
DAC/A.NOR.23.00833;Afastamento de Rede (Clientes);NOR;30/06/2026;Liberado para Execução;PIE;16380409;354ET003439;30/06/2026 10:00;30/06/2026 12:00;Conecta Obras Extras (Área 4 e 5) NEC;-23.4802103;-46.65583919;https://www.google.com/maps/place/-23.4802103,-46.65583919
DMP/A.LES.26.01978;Rede Compacta;LES;30/06/2026;Pendente de Aprovação;FI;;356ET006621;30/06/2026 10:00;30/06/2026 13:59;Engelmig (Área 11) NEC e UPS;-23.59051137;-46.42191717;https://www.google.com/maps/place/-23.59051137,-46.42191717
DAC/A.LES.25.00104;Alteração de Carga;LES;01/07/2026;Liberado para Execução;PIE;16326576;353CF150478;01/07/2026 00:29;01/07/2026 04:30;Start Engenharia (Área 8B, 9  e 11) NEC;-23.53095904;-46.54554289;https://www.google.com/maps/place/-23.53095904,-46.54554289
DAC/A.LES.25.00099;Alteração de Carga;LES;01/07/2026;Liberado para Execução;PIE;16326576;353CF150478;01/07/2026 00:29;01/07/2026 04:30;Start Engenharia (Área 8B, 9  e 11) NEC;-23.53095904;-46.54554289;https://www.google.com/maps/place/-23.53095904,-46.54554289
DAC/A.NOR.25.01518;Ligação Nova;NOR;01/07/2026;Liberado para Execução;BRA;16400822;152EP012015;01/07/2026 07:59;01/07/2026 16:59;Conecta Obras (Área 4 e 5) NEC;-23.5182822;-46.66943855;https://www.google.com/maps/place/-23.5182822,-46.66943855
DAC/A.NOR.25.01540;Ligação Nova;NOR;01/07/2026;Liberado para Execução;BRA;16400822;152EP012015;01/07/2026 07:59;01/07/2026 16:59;Conecta Obras (Área 4 e 5) NEC;-23.5182822;-46.66943855;https://www.google.com/maps/place/-23.5182822,-46.66943855
DAC/A.NOR.25.01542;Ligação Nova;NOR;01/07/2026;Liberado para Execução;BRA;16400822;152EP012015;01/07/2026 07:59;01/07/2026 16:59;Conecta Obras (Área 4 e 5) NEC;-23.5182822;-46.66943855;https://www.google.com/maps/place/-23.5182822,-46.66943855
DAC/A.NOR.25.01428;Ligação Nova;NOR;01/07/2026;Liberado para Execução;BRA;16401215;351CF008232;01/07/2026 07:59;01/07/2026 16:59;Conecta Obras (Área 4 e 5) NEC;-23.50589606;-46.67998578;https://www.google.com/maps/place/-23.50589606,-46.67998578
DAC/A.NOR.25.01041;Ligação Nova;NOR;01/07/2026;Liberado para Execução;BRA;16402083;ET-005369;01/07/2026 07:59;01/07/2026 16:59;Conecta Obras (Área 4 e 5) NEC;-23.60510886;-46.69160007;https://www.google.com/maps/place/-23.60510886,-46.69160007
DAC/A.NOR.24.01478;Afastamento de Rede (Clientes);NOR;01/07/2026;Rascunho;BRA;;251ET132639;01/07/2026 09:00;01/07/2026 16:59;Conecta Obras Extras (Área 4 e 5) NEC;0;0;https://www.google.com/maps/place/0,0
DAC/A.NOR.26.00347;Remoção de Poste;NOR;01/07/2026;Liberado para Execução;FI;16406537;251ET019147;01/07/2026 09:00;01/07/2026 12:00;Conecta Obras (Área 4 e 5) NEC;-23.63110802;-46.66330919;https://www.google.com/maps/place/-23.63110802,-46.66330919
DMP/A.NOR.25.01526;Reforma de Rede Secundária;NOR;01/07/2026;Liberado para Execução;OLVR;;354ET140825;01/07/2026 09:00;01/07/2026 16:59;Conecta Elicord NEC;-23.43370464;-46.58720898;https://www.google.com/maps/place/-23.43370464,-46.58720898
DMP/A.LES.26.02698;Religador Automático;LES;01/07/2026;Liberado para Execução;PIE;16375141;355ET000993;01/07/2026 09:29;01/07/2026 13:30;Alpitel Energy (Área 7, 8A e 10) NEC;-23.55553302;-46.60604384;https://www.google.com/maps/place/-23.55553302,-46.60604384
DMP/A.LES.26.02701;Religador Automático;LES;01/07/2026;Liberado para Execução;PIE;16375141;355ET001229;01/07/2026 09:29;01/07/2026 13:30;Alpitel Energy (Área 7, 8A e 10) NEC;-23.55497126;-46.60782464;https://www.google.com/maps/place/-23.55497126,-46.60782464
DAC/A.NOR.26.00484;Ligação Nova;NOR;01/07/2026;Liberado para Execução;FI;16358546;354ET500443;01/07/2026 10:00;01/07/2026 13:59;Conecta Obras (Área 4 e 5) NEC;-23.49112509;-46.60672485;https://www.google.com/maps/place/-23.49112509,-46.60672485
DAC/A.NOR.25.01712;Remoção de Posto Primário;NOR;01/07/2026;Liberado para Execução;PIE;16372054;354EP010096;01/07/2026 10:00;01/07/2026 13:59;Conecta Obras (Área 4 e 5) NEC;-23.47706952;-46.61006256;https://www.google.com/maps/place/-23.47706952,-46.61006256
DAC/A.LES.24.00910;Ligação Nova;LES;01/07/2026;Liberado para Execução;FI;16379138;353ET029621;01/07/2026 10:00;01/07/2026 13:59;Start Engenharia (Área 8B, 9  e 11) NEC;-23.53695085;-46.49217707;https://www.google.com/maps/place/-23.53695085,-46.49217707
DAC/A.LES.25.00855;Remoção de Poste;LES;01/07/2026;Liberado para Execução;FI;16368279;356ET162220;01/07/2026 10:00;01/07/2026 13:59;Start Engenharia (Área 8B, 9  e 11) NEC;-23.5944939;-46.44285937;https://www.google.com/maps/place/-23.5944939,-46.44285937
DAC/A.LES.25.00856;Remoção de Poste;LES;01/07/2026;Liberado para Execução;FI;16368279;356ET162220;01/07/2026 10:00;01/07/2026 13:59;Start Engenharia (Área 8B, 9  e 11) NEC;-23.5944939;-46.44285937;https://www.google.com/maps/place/-23.5944939,-46.44285937
DAC/A.LES.26.00726;Alteração de Carga;LES;01/07/2026;Liberado para Execução;FI;16358335;353ET004927;01/07/2026 10:00;01/07/2026 13:59;Start Engenharia (Área 8B, 9  e 11) NEC;-23.54166621;-46.51724698;https://www.google.com/maps/place/-23.54166621,-46.51724698
DAC/A.NOR.25.00205;Ligação Nova;NOR;01/07/2026;Liberado para Execução;FI;16357560;251ET009648;01/07/2026 10:00;01/07/2026 12:00;Conecta Obras (Área 4 e 5) NEC;-23.61504686;-46.68563591;https://www.google.com/maps/place/-23.61504686,-46.68563591
DMP/A.NOR.25.01634;Substituição de Transformadores PCB;NOR;01/07/2026;Liberado para Execução;FI;16358130;257ET001693;01/07/2026 10:00;01/07/2026 13:59;Conecta Obras (Área 4 e 5) NEC;0;0;https://www.google.com/maps/place/0,0
DAC/A.NOR.25.01410;Alteração de Carga;NOR;01/07/2026;Liberado para Execução;FI;16357249;152ET085387;01/07/2026 10:00;01/07/2026 13:00;Conecta Obras (Área 4 e 5) NEC;-23.54018963;-46.65820518;https://www.google.com/maps/place/-23.54018963,-46.65820518
DMP/A.LES.26.03075;Rede Compacta;LES;01/07/2026;Liberado para Execução;OLVR;;356ET160214;01/07/2026 10:00;01/07/2026 13:59;Engelmig (Área 11) NEC e UPS;-23.59051137;-46.42191717;https://www.google.com/maps/place/-23.59051137,-46.42191717
DMP/A.LES.26.03077;Rede Compacta;LES;01/07/2026;Rascunho;FI;;356ET160214;01/07/2026 10:00;01/07/2026 13:59;Engelmig (Área 11) NEC e UPS;-23.59051137;-46.42191717;https://www.google.com/maps/place/-23.59051137,-46.42191717
DMP/A.LES.26.03075;Rede Compacta;LES;01/07/2026;Rascunho;FI;;356ET160214;01/07/2026 10:00;01/07/2026 13:59;Engelmig (Área 11) NEC e UPS;-23.59051137;-46.42191717;https://www.google.com/maps/place/-23.59051137,-46.42191717
DAC/A.LES.26.00647;Ligação Nova;LES;01/07/2026;Liberado para Execução;PIE;16369307;353ET000561;01/07/2026 22:59;02/07/2026 03:00;Start Engenharia (Área 8B, 9  e 11) NEC;-23.54764589;-46.60711069;https://www.google.com/maps/place/-23.54764589,-46.60711069
DAC/A.NOR.25.01200;Ligação Nova;NOR;02/07/2026;Liberado para Execução;BRA;16406269;251ET121236;02/07/2026 07:59;02/07/2026 16:59;Conecta Obras (Área 4 e 5) NEC;-23.60852747;-46.6688352;https://www.google.com/maps/place/-23.60852747,-46.6688352
DAC/A.NOR.26.00682;Ligação Nova;NOR;02/07/2026;Liberado para Execução;OLVR;;351ET500431;02/07/2026 07:59;02/07/2026 16:59;Conecta Obras (Área 4 e 5) NEC;-23.4021918;-46.721567;https://www.google.com/maps/place/-23.4021918,-46.721567
DMP/A.LES.26.02613;Segurança Operativa;LES;02/07/2026;Pendente de Aprovação;BRA;;356CF140317;02/07/2026 07:59;02/07/2026 16:59;Conecta Obras Extras (Área 8B, 9 e 11) NEC;-23.59714971;-46.4570628;https://www.google.com/maps/place/-23.59714971,-46.4570628
DMP/A.NOR.25.01523;Reforma de Rede Secundária;NOR;02/07/2026;Liberado para Execução;OLVR;;351ET144079;02/07/2026 09:00;02/07/2026 16:59;Conecta Elicord NEC;-23.47946153;-46.67360946;https://www.google.com/maps/place/-23.47946153,-46.67360946
DMP/A.LES.26.03284;Reforma de Rede Secundária;LES;02/07/2026;Cancelado;PIE;DEVOLVIDO;356ET160635;02/07/2026 09:29;02/07/2026 12:29;Alpitel Energy (Área 7, 8A e 10) NEC;-23.5700524;-46.41581156;https://www.google.com/maps/place/-23.5700524,-46.41581156
DAC/A.LES.25.01125;Ligação Nova;LES;02/07/2026;Liberado para Execução;FI;16374872;356IP166987;02/07/2026 10:00;02/07/2026 15:00;Start Engenharia (Área 8B, 9  e 11) NEC;-23.53871141;-46.42353023;https://www.google.com/maps/place/-23.53871141,-46.42353023
DAC/A.LES.25.01256;Ligação Nova;LES;02/07/2026;Liberado para Execução;FI;16374872;356IP166987;02/07/2026 10:00;02/07/2026 15:00;Start Engenharia (Área 8B, 9  e 11) NEC;-23.53871141;-46.42353023;https://www.google.com/maps/place/-23.53871141,-46.42353023
DAC/A.NOR.26.00151;Ligação Nova;NOR;02/07/2026;Liberado para Execução;FI;16306611;152BF021334;02/07/2026 10:00;02/07/2026 13:00;Conecta Obras (Área 4 e 5) NEC;-23.52961915;-46.65125439;https://www.google.com/maps/place/-23.52961915,-46.65125439
DAC/A.NOR.26.00392;Ligação Provisória;NOR;02/07/2026;Liberado para Execução;FI;16322477;257ET027775;02/07/2026 10:00;02/07/2026 13:59;Conecta Obras (Área 4 e 5) NEC;-23.60347106;-46.63484631;https://www.google.com/maps/place/-23.60347106,-46.63484631
DAC/A.NOR.25.01793;Migração para Média Tensão;NOR;02/07/2026;Liberado para Execução;PIE;16379242;257CF004834;02/07/2026 10:00;02/07/2026 13:00;Conecta Obras (Área 4 e 5) NEC;-23.56773163;-46.63525162;https://www.google.com/maps/place/-23.56773163,-46.63525162
DMP/A.LES.26.02576;Segurança Operativa;LES;02/07/2026;Liberado para Execução;FI;16358945;356ET160585;02/07/2026 10:00;02/07/2026 13:59;Engelmig (Área 11) NEC e UPS;-23.59714971;-46.4570628;https://www.google.com/maps/place/-23.59714971,-46.4570628
DMP/A.LES.26.02577;Segurança Operativa;LES;02/07/2026;Liberado para Execução;FI;16358945;356ET160585;02/07/2026 10:00;02/07/2026 13:59;Start Engenharia (Área 8B, 9  e 11) NEC;-23.59714971;-46.4570628;https://www.google.com/maps/place/-23.59714971,-46.4570628
DMP/A.LES.21.27293;Rede Compacta;LES;02/07/2026;Liberado para Execução;FI;16361641;356ET166882;02/07/2026 10:00;02/07/2026 13:59;Engelmig (Área 11) NEC e UPS;-23.60675915;-46.43802425;https://www.google.com/maps/place/-23.60675915,-46.43802425
DMP/A.LES.21.27088;Rede Compacta;LES;02/07/2026;Liberado para Execução;FI;16361641;356ET166882;02/07/2026 10:00;02/07/2026 13:59;Engelmig (Área 11) NEC e UPS;-23.60675915;-46.43802425;https://www.google.com/maps/place/-23.60675915,-46.43802425
DAC/A.NOR.25.01469;Alteração de Carga;NOR;02/07/2026;Liberado para Execução;FI;16362758;151ET001303;02/07/2026 10:00;02/07/2026 13:59;Conecta Obras (Área 4 e 5) NEC;-23.56619862;-46.64462656;https://www.google.com/maps/place/-23.56619862,-46.64462656
DAC/A.NOR.26.00455;Alteração de Carga;NOR;02/07/2026;Liberado para Execução;BRA;16418515;152ET025080;02/07/2026 10:00;02/07/2026 13:59;Conecta Obras (Área 4 e 5) NEC;-23.52806718;-46.65796634;https://www.google.com/maps/place/-23.52806718,-46.65796634
DAC/A.LES.26.00080;Ligação Nova;LES;03/07/2026;Liberado para Documentação;FI;;010ET009190;03/07/2026 00:29;03/07/2026 04:30;Start Engenharia (Área 8B, 9  e 11) NEC;-23.63072215;-46.51037216;https://www.google.com/maps/place/-23.63072215,-46.51037216
DAC/A.NOR.25.01770;Ligação Nova;NOR;03/07/2026;Liberado para Execução;BRA;16412745;351EP050955;03/07/2026 07:59;03/07/2026 16:59;Conecta Obras (Área 4 e 5) NEC;-23.47014296;-46.65400959;https://www.google.com/maps/place/-23.47014296,-46.65400959
DMP/A.LES.26.02613;Segurança Operativa;LES;03/07/2026;Pendente de Aprovação;BRA;;356CF140317;03/07/2026 07:59;03/07/2026 16:59;Conecta Obras Extras (Área 8B, 9 e 11) NEC;-23.59714971;-46.4570628;https://www.google.com/maps/place/-23.59714971,-46.4570628
DMP/A.LES.25.01162;Rede Compacta;LES;03/07/2026;Liberado para Execução;PIE;16392329;010ET016535;03/07/2026 10:00;03/07/2026 13:59;Start Engenharia (Área 8B, 9  e 11) NEC;-23.68595732;-46.50241589;https://www.google.com/maps/place/-23.68595732,-46.50241589
DMP/A.LES.25.01161;Rede Compacta;LES;03/07/2026;Liberado para Execução;PIE;16392329;010ET022796;03/07/2026 10:00;03/07/2026 13:59;Start Engenharia (Área 8B, 9  e 11) NEC;-23.68595732;-46.50241589;https://www.google.com/maps/place/-23.68595732,-46.50241589
DMP/A.LES.26.01073;Rede Compacta;LES;03/07/2026;Liberado para Execução;FI;16363383;356ET160965;03/07/2026 10:00;03/07/2026 13:59;Engelmig (Área 11) NEC e UPS;-23.59445801;-46.41924494;https://www.google.com/maps/place/-23.59445801,-46.41924494
DMP/A.LES.26.01084;Rede Compacta;LES;03/07/2026;Liberado para Execução;FI;16363383;356ET160965;03/07/2026 10:00;03/07/2026 13:59;Engelmig (Área 11) NEC e UPS;-23.59445801;-46.41924494;https://www.google.com/maps/place/-23.59445801,-46.41924494
DAC/A.LES.26.00795;Ligação Nova;LES;03/07/2026;Liberado para Execução;FI;16362525;353ET061974;03/07/2026 10:00;03/07/2026 13:59;Start Engenharia (Área 8B, 9  e 11) NEC;-23.54821508;-46.52823923;https://www.google.com/maps/place/-23.54821508,-46.52823923
DAC/A.NOR.26.00343;Alteração de Carga;NOR;03/07/2026;Liberado para Execução;FI;16369790;252ET066444;03/07/2026 10:00;03/07/2026 13:59;Conecta Obras (Área 4 e 5) NEC;-23.56958066;-46.6780315;https://www.google.com/maps/place/-23.56958066,-46.6780315
DAC/A.NOR.26.00013;Alteração de Carga;NOR;03/07/2026;Liberado para Execução;FI;16371924;351BF051509;03/07/2026 10:00;03/07/2026 13:59;Conecta Obras (Área 4 e 5) NEC;-23.46203476;-46.69102878;https://www.google.com/maps/place/-23.46203476,-46.69102878
DAC/A.NOR.26.00391;Alteração de Carga;NOR;03/07/2026;Liberado para Execução;FI;16369844;252ET100494;03/07/2026 10:00;03/07/2026 13:59;Conecta Obras (Área 4 e 5) NEC;-23.57187994;-46.68681126;https://www.google.com/maps/place/-23.57187994,-46.68681126
DAC/A.NOR.25.01475;Alteração de Carga;NOR;03/07/2026;Liberado para Execução;FI;16370015;257ET070816;03/07/2026 10:00;03/07/2026 13:59;Conecta Obras (Área 4 e 5) NEC;-23.57073959;-46.65045909;https://www.google.com/maps/place/-23.57073959,-46.65045909
DAC/A.NOR.26.00606;Alteração de Carga;NOR;03/07/2026;Liberado para Execução;FI;16372140;351ET022150;03/07/2026 10:00;03/07/2026 13:59;Conecta Obras (Área 4 e 5) NEC;-23.49321442;-46.6870204;https://www.google.com/maps/place/-23.49321442,-46.6870204
DAC/A.NOR.25.01541;Ligação Nova;NOR;03/07/2026;Liberado para Execução;FI;16369554;152ET039164;03/07/2026 10:00;03/07/2026 13:59;Conecta Obras (Área 4 e 5) NEC;-23.5182822;-46.66943855;https://www.google.com/maps/place/-23.5182822,-46.66943855
DAC/A.NOR.25.01755;Alteração de Carga;NOR;03/07/2026;Liberado para Execução;FI;16394311;351ET001280;03/07/2026 10:00;03/07/2026 13:00;Conecta Obras (Área 4 e 5) NEC;-23.47623198;-46.6908768;https://www.google.com/maps/place/-23.47623198,-46.6908768
DAC/A.LES.26.00665;Ligação Provisória;LES;03/07/2026;Liberado para Execução;FI;16374101;355ET171514;03/07/2026 10:30;03/07/2026 14:30;Alpitel Energy (Área 7, 8A e 10) NEC;-23.55588454;-46.54273846;https://www.google.com/maps/place/-23.55588454,-46.54273846
DAC/A.LES.25.00923;Migração para Média Tensão;LES;04/07/2026;Liberado para Execução;PIE;16400898;352ET005860;04/07/2026 00:29;04/07/2026 04:30;Start Engenharia (Área 8B, 9  e 11) NEC;-23.50177441;-46.442595;https://www.google.com/maps/place/-23.50177441,-46.442595
DAC/A.NOR.25.00075;Ligação Nova;NOR;04/07/2026;Liberado para Documentação;BRA;;351ET132907;04/07/2026 07:59;04/07/2026 16:59;Conecta Obras (Área 4 e 5) NEC;-23.49382529;-46.69348098;https://www.google.com/maps/place/-23.49382529,-46.69348098
DAC/A.LES.25.01128;Ligação Nova;LES;04/07/2026;Liberado para Execução;FI;16306194;010ET005790;04/07/2026 10:00;04/07/2026 13:59;Start Engenharia (Área 8B, 9  e 11) NEC;-23.65223172;-46.53791987;https://www.google.com/maps/place/-23.65223172,-46.53791987
DMP/A.LES.25.06904;Reforma de Rede Secundaria RTRI;LES;04/07/2026;Liberado para Execução;FI;16366660;261ET048088;04/07/2026 10:00;04/07/2026 13:59;Start Engenharia (Área 8B, 9  e 11) NEC;-23.50826282;-46.46631524;https://www.google.com/maps/place/-23.50826282,-46.46631524
DMP/A.LES.25.06402;Reforma de Rede Secundaria RTRI;LES;04/07/2026;Liberado para Execução;FI;16366660;352ET048088;04/07/2026 10:00;04/07/2026 13:59;Start Engenharia (Área 8B, 9  e 11) NEC;-23.50826282;-46.46631524;https://www.google.com/maps/place/-23.50826282,-46.46631524
DAC/A.NOR.26.00396;Migração para Média Tensão;NOR;04/07/2026;Liberado para Documentação;PIE;;251ET057752;04/07/2026 10:00;04/07/2026 13:59;Conecta Obras (Área 4 e 5) NEC;-23.6165746;-46.67535216;https://www.google.com/maps/place/-23.6165746,-46.67535216
DAC/A.LES.26.00162;Ligação Nova;LES;04/07/2026;Liberado para Execução;FI;16363919;010ET006331;04/07/2026 10:00;04/07/2026 13:59;Start Engenharia (Área 8B, 9  e 11) NEC;-23.64354446;-46.52945115;https://www.google.com/maps/place/-23.64354446,-46.52945115
DAC/A.LES.26.00753;Ligação Provisória;LES;04/07/2026;Liberado para Execução;PIE;16406671;356ET166764;04/07/2026 10:00;04/07/2026 13:59;Start Engenharia (Área 8B, 9  e 11) NEC;-23.56589801;-46.43733073;https://www.google.com/maps/place/-23.56589801,-46.43733073
DMP/A.NOR.26.01709;Rede Compacta;NOR;04/07/2026;Liberado para Execução;PIE;DEVOLVIDO;351ET014884;04/07/2026 10:00;04/07/2026 13:59;Conecta Elicord NEC;-23.43977736;-46.79198954;https://www.google.com/maps/place/-23.43977736,-46.79198954
DMP/A.NOR.26.01757;Rede Compacta;NOR;04/07/2026;Liberado para Execução;PIE;DEVOLVIDO;351ET014884;04/07/2026 10:00;04/07/2026 13:59;Conecta Elicord NEC;-23.43977736;-46.79198954;https://www.google.com/maps/place/-23.43977736,-46.79198954
DMP/A.NOR.26.01830;Rede Compacta;NOR;04/07/2026;Liberado para Execução;PIE;DEVOLVIDO;351ET014884;04/07/2026 10:00;04/07/2026 13:59;Conecta Elicord NEC;-23.43977736;-46.79198954;https://www.google.com/maps/place/-23.43977736,-46.79198954
DMP/A.NOR.26.01758;Rede Compacta;NOR;04/07/2026;Liberado para Execução;PIE;DEVOLVIDO;351ET014884;04/07/2026 10:00;04/07/2026 13:59;Conecta Elicord NEC;-23.43977736;-46.79198954;https://www.google.com/maps/place/-23.43977736,-46.79198954
DMP/A.NOR.26.01852;Rede Compacta;NOR;04/07/2026;Liberado para Execução;PIE;DEVOLVIDO;351ET014884;04/07/2026 10:00;04/07/2026 13:59;Conecta Elicord NEC;-23.43977736;-46.79198954;https://www.google.com/maps/place/-23.43977736,-46.79198954
DAC/A.NOR.26.00630;Migração para Média Tensão;NOR;06/07/2026;Liberado para Documentação;BRA;;251IP17J281;06/07/2026 07:59;06/07/2026 16:59;Conecta Obras (Área 4 e 5) NEC;-23.5975526;-46.67694882;https://www.google.com/maps/place/-23.5975526,-46.67694882
DAC/A.NOR.26.00226;Ligação Provisória;NOR;06/07/2026;Liberado para Execução;OLVR;;251EP007509;06/07/2026 07:59;06/07/2026 16:59;Conecta Obras (Área 4 e 5) NEC;-23.63587784;-46.65477446;https://www.google.com/maps/place/-23.63587784,-46.65477446
DAC/A.NOR.26.00461;Ligação Nova;NOR;06/07/2026;Liberado para Execução;PIE;16333355;355ET132290;06/07/2026 10:00;06/07/2026 13:59;Conecta Obras (Área 4 e 5) NEC;-23.55987707;-46.61083737;https://www.google.com/maps/place/-23.55987707,-46.61083737
DAC/A.NOR.25.00558;Ligação Nova;NOR;06/07/2026;Liberado para Execução;PIE;16408361;251BF062765;06/07/2026 10:00;06/07/2026 13:59;Conecta Obras (Área 4 e 5) NEC;-23.60345331;-46.67630658;https://www.google.com/maps/place/-23.60345331,-46.67630658
DAC/A.LES.26.00826;Alteração de Carga;LES;06/07/2026;Liberado para Execução;FI;16364473;353ET033015;06/07/2026 10:00;06/07/2026 13:59;Start Engenharia (Área 8B, 9  e 11) NEC;-23.5573856;-46.50268403;https://www.google.com/maps/place/-23.5573856,-46.50268403
DAC/A.NOR.25.01713;Remoção de Poste;NOR;06/07/2026;Liberado para Execução;FI;16375030;251ET008379;06/07/2026 10:00;06/07/2026 12:00;Conecta Obras (Área 4 e 5) NEC;-23.61133225;-46.6513576;https://www.google.com/maps/place/-23.61133225,-46.6513576
DAC/A.NOR.26.00563;Alteração de Carga;NOR;06/07/2026;Liberado para Execução;FI;16374784;151ET053490;06/07/2026 10:00;06/07/2026 13:59;Conecta Obras (Área 4 e 5) NEC;-23.56485197;-46.66008336;https://www.google.com/maps/place/-23.56485197,-46.66008336
DAC/A.NOR.26.00493;Alteração de Carga;NOR;06/07/2026;Liberado para Execução;FI;16375042;257ET096109;06/07/2026 10:00;06/07/2026 13:59;Conecta Obras (Área 4 e 5) NEC;-23.57087085;-46.63449421;https://www.google.com/maps/place/-23.57087085,-46.63449421
DAC/A.NOR.26.00591;Alteração de Carga;NOR;06/07/2026;Liberado para Execução;FI;16374869;257ET023753;06/07/2026 10:00;06/07/2026 13:59;Conecta Obras (Área 4 e 5) NEC;-23.5814594;-46.61110814;https://www.google.com/maps/place/-23.5814594,-46.61110814
DAC/A.NOR.26.00488;Alteração de Carga;NOR;06/07/2026;Liberado para Execução;FI;16374934;251ET002111;06/07/2026 10:00;06/07/2026 13:59;Conecta Obras (Área 4 e 5) NEC;-23.57544521;-46.66169591;https://www.google.com/maps/place/-23.57544521,-46.66169591
DAC/A.NOR.26.00526;Alteração de Carga;NOR;06/07/2026;Liberado para Execução;FI;16374934;251ET002111;06/07/2026 10:00;06/07/2026 13:59;Conecta Obras (Área 4 e 5) NEC;-23.57544521;-46.66169591;https://www.google.com/maps/place/-23.57544521,-46.66169591
