Projeto,Tipo de Serviço,Data Prog.,Status,Contrato,OS,Equipamento,Região,Início Prog.,Fim Prog.,Parceira,Latitude,Longitude,Link Google Maps
DAC/A.LES.24.00451,Ligação Nova,13/06/2026,Liberado para Execução,FI,16285443,353ET025684,LES,13/06/2026 10:00,13/06/2026 14:00,"Start Engenharia (Área 8B, 9  e 11) NEC",-23.52884509,-46.51292705,"https://www.google.com/maps/place/-23.52884509,-46.51292705"
DAC/A.LES.25.00943,Alteração de Carga,06/06/2026,Liberado para Execução,FI,16249031,015ET004710,LES,06/06/2026 03:00,06/06/2026 05:00,"Start Engenharia (Área 8B, 9  e 11) NEC",-23.66586993,-46.44798581,"https://www.google.com/maps/place/-23.66586993,-46.44798581"
DMP/A.LES.25.06550,Reforma de Rede Secundaria RTRI,09/06/2026,Liberado para Execução,FI,16271693,356ET052420,LES,09/06/2026 10:00,09/06/2026 14:00,"Start Engenharia (Área 8B, 9  e 11) NEC",-23.519678,-46.40659252,"https://www.google.com/maps/place/-23.519678,-46.40659252"
DAC/A.NOR.26.00269,Ligação Provisória,14/06/2026,Liberado para Execução,PIE,16290148,251ET059119,NOR,14/06/2026 10:00,14/06/2026 14:00,Conecta Obras (Área 4 e 5) NEC,-23.58484506,-46.68530049,"https://www.google.com/maps/place/-23.58484506,-46.68530049"
DAC/A.NOR.25.01771,Alteração de Carga,06/06/2026,Liberado para Execução,PIE,16258123,257IP19J307,NOR,06/06/2026 10:00,06/06/2026 14:00,Conecta Obras (Área 4 e 5) NEC,,,
DAC/A.NOR.26.00159,Ligação Nova,14/06/2026,Liberado para Execução,PIE,16305894,257ET036375,NOR,14/06/2026 10:00,14/06/2026 14:00,Conecta Obras (Área 4 e 5) NEC,-23.56121001,-46.61383509,"https://www.google.com/maps/place/-23.56121001,-46.61383509"
DMP/A.LES.25.07486,Substituição de Poste em Mau Estado,10/06/2026,Liberado para Execução,PIE,16277601,CF017068,LES,10/06/2026 10:00,10/06/2026 14:00,"Start Engenharia (Área 8B, 9  e 11) NEC",,,
DAC/A.NOR.25.01623,Ligação Nova,14/06/2026,Liberado para Execução,FI,16282312,257ET012356,NOR,14/06/2026 10:00,14/06/2026 14:00,Conecta Obras (Área 4 e 5) NEC,-23.57375018,-46.62459732,"https://www.google.com/maps/place/-23.57375018,-46.62459732"
DAC/A.LES.25.01040,Ligação Nova,14/06/2026,Liberado para Execução,PIE,16304538,353ET024797,LES,14/06/2026 10:00,14/06/2026 14:00,"Conecta Obras Extras (Área 8B, 9 e 11) NEC",-23.57961239,-46.50254604,"https://www.google.com/maps/place/-23.57961239,-46.50254604"
DMP/A.LES.25.06765,Reforma de Rede Secundaria RTRI,12/06/2026,Liberado para Execução,FI,16280099,352ET040695,LES,12/06/2026 10:00,12/06/2026 14:00,"Start Engenharia (Área 8B, 9  e 11) NEC",-23.51819642,-46.38368254,"https://www.google.com/maps/place/-23.51819642,-46.38368254"
DMP/A.LES.25.06552,Reforma de Rede Secundaria RTRI,12/06/2026,Liberado para Execução,FI,16280099,352ET040695,LES,12/06/2026 10:00,12/06/2026 14:00,"Start Engenharia (Área 8B, 9  e 11) NEC",-23.51819642,-46.38368254,"https://www.google.com/maps/place/-23.51819642,-46.38368254"
DAC/A.LES.25.00888,Alteração de Carga,09/06/2026,Liberado para Execução,FI,16267660,353ET173528,LES,09/06/2026 00:30,09/06/2026 04:30,"Start Engenharia (Área 8B, 9  e 11) NEC",-23.53512711,-46.57736004,"https://www.google.com/maps/place/-23.53512711,-46.57736004"
DAC/A.LES.25.00883,Alteração de Carga,09/06/2026,Liberado para Execução,FI,16267660,353ET034988,LES,09/06/2026 00:30,09/06/2026 04:30,"Start Engenharia (Área 8B, 9  e 11) NEC",-23.53512711,-46.57736004,"https://www.google.com/maps/place/-23.53512711,-46.57736004"
DAC/A.LES.25.01019,Alteração de Carga,05/06/2026,Liberado para Execução,FI,16246800,353ET010230,LES,05/06/2026 10:00,05/06/2026 14:00,"Start Engenharia (Área 8B, 9  e 11) NEC",-23.52585437,-46.53280941,"https://www.google.com/maps/place/-23.52585437,-46.53280941"
DAC/A.LES.25.01247,Ligação Nova,09/06/2026,Rascunho,PIE,,353BF155558,LES,09/06/2026 10:00,09/06/2026 14:00,"Start Engenharia (Área 8B, 9  e 11) NEC",-23.61253753,-46.47151087,"https://www.google.com/maps/place/-23.61253753,-46.47151087"
DAC/A.LES.26.00370,Ligação Nova,05/06/2026,Liberado para Execução,FI,16246816,353ET034315,LES,05/06/2026 14:00,05/06/2026 17:00,"Start Engenharia (Área 8B, 9  e 11) NEC",-23.53806843,-46.47273688,"https://www.google.com/maps/place/-23.53806843,-46.47273688"
DMP/A.LES.25.04889,Reforma de Rede Secundaria RTRI,13/06/2026,Liberado para Execução,FI,16301184,352ET160437,LES,13/06/2026 09:30,13/06/2026 13:30,"Start Engenharia (Área 8B, 9  e 11) NEC",-23.52010627,-46.41117075,"https://www.google.com/maps/place/-23.52010627,-46.41117075"
DMP/A.LES.25.04747,Reforma de Rede Secundaria RTRI,08/06/2026,Liberado para Execução,FI,16258896,025ET050531,LES,08/06/2026 10:00,08/06/2026 14:00,Engelmig (Área 11) NEC e UPS,-23.74523201,-46.36629483,"https://www.google.com/maps/place/-23.74523201,-46.36629483"
DMP/A.LES.25.03073,Reforma de Rede Secundaria RTRI,09/06/2026,Liberado para Execução,FI,16265028,020ET088987,LES,09/06/2026 09:00,09/06/2026 13:00,Engelmig (Área 11) NEC e UPS,-23.66180264,-46.3685029,"https://www.google.com/maps/place/-23.66180264,-46.3685029"
DMP/A.LES.24.02793,Reforma de Rede Secundaria RTRI,05/06/2026,Liberado para Execução,FI,16245339,010ET032050,LES,05/06/2026 10:00,05/06/2026 14:00,Engelmig (Área 11) NEC e UPS,-23.63611882,-46.50237676,"https://www.google.com/maps/place/-23.63611882,-46.50237676"
DAC/A.LES.25.01089,Ligação Nova,06/06/2026,Liberado para Execução,PIE,RESOLVIDO,356ET162584,LES,06/06/2026 10:00,06/06/2026 14:00,"Start Engenharia (Área 8B, 9  e 11) NEC",-23.57172662,-46.45067358,"https://www.google.com/maps/place/-23.57172662,-46.45067358"
DAC/A.LES.26.00351,Ligação Nova,05/06/2026,Liberado para Execução,PIE,16267570,356ET062926,LES,05/06/2026 10:00,05/06/2026 15:00,"Start Engenharia (Área 8B, 9  e 11) NEC",-23.59411624,-46.47907602,"https://www.google.com/maps/place/-23.59411624,-46.47907602"
DAC/A.LES.26.00209,Ligação Nova,05/06/2026,Liberado para Execução,PIE,16267570,356ET062926,LES,05/06/2026 10:00,05/06/2026 15:00,"Start Engenharia (Área 8B, 9  e 11) NEC",-23.59411624,-46.47907602,"https://www.google.com/maps/place/-23.59411624,-46.47907602"
DAC/A.LES.26.00352,Ligação Nova,05/06/2026,Liberado para Execução,PIE,16267570,356ET062926,LES,05/06/2026 10:00,05/06/2026 15:00,"Start Engenharia (Área 8B, 9  e 11) NEC",-23.59411624,-46.47907602,"https://www.google.com/maps/place/-23.59411624,-46.47907602"
DMP/A.LES.25.00802,Reforma de Rede Secundaria RTRI,10/06/2026,Liberado para Execução,FI,16275418,353ET011067,LES,10/06/2026 10:30,10/06/2026 14:30,Engelmig (Área 11) NEC e UPS,-23.54102896,-46.55388141,"https://www.google.com/maps/place/-23.54102896,-46.55388141"
DAC/A.NOR.25.01132,Migração para Média Tensão,05/06/2026,Liberado para Execução,PIE,16251525,351EP044709,NOR,05/06/2026 10:30,05/06/2026 13:00,Conecta Obras (Área 4 e 5) NEC,,,
DMP/A.LES.25.01919,Reforma de Rede Secundaria RTRI,09/06/2026,Liberado para Execução,FI,16267617,353ET035536,LES,09/06/2026 09:30,09/06/2026 13:30,Engelmig (Área 11) NEC e UPS,-23.57977038,-46.51185956,"https://www.google.com/maps/place/-23.57977038,-46.51185956"
DMP/A.LES.22.05528,Reforma de Rede Secundária,09/06/2026,Liberado para Execução,FI,16267409,352ET161033,LES,09/06/2026 10:00,09/06/2026 13:00,Engelmig (Área 11) NEC e UPS,-23.50383267,-46.47450158,"https://www.google.com/maps/place/-23.50383267,-46.47450158"
DMP/A.LES.25.01537,Reforma de Rede Secundaria RTRI,14/06/2026,Liberado para Execução,FI,16284911,356ET162557,LES,14/06/2026 09:30,14/06/2026 13:30,Engelmig (Área 11) NEC e UPS,-23.52120207,-46.41878254,"https://www.google.com/maps/place/-23.52120207,-46.41878254"
DMP/A.NOR.25.07514,Segurança Operativa,06/06/2026,Liberado para Execução,PIE,16255851,251ET133765,NOR,06/06/2026 10:30,06/06/2026 14:30,Conecta Obras (Área 4 e 5) NEC,-23.62167896,-46.6397079,"https://www.google.com/maps/place/-23.62167896,-46.6397079"
DMP/A.NOR.25.07509,Segurança Operativa,12/06/2026,Liberado para Execução,FI,16281253,251ET015122,NOR,12/06/2026 10:00,12/06/2026 14:00,Conecta Obras (Área 4 e 5) NEC,-23.62700212,-46.66764038,"https://www.google.com/maps/place/-23.62700212,-46.66764038"
DMP/A.NOR.25.07546,Segurança Operativa,06/06/2026,Liberado para Execução,PIE,16255851,251ET133765,NOR,06/06/2026 10:30,06/06/2026 14:30,Conecta Obras (Área 4 e 5) NEC,-23.62309797,-46.6400583,"https://www.google.com/maps/place/-23.62309797,-46.6400583"
DAC/A.NOR.25.01514,Ligação Nova,13/06/2026,Liberado para Execução,PIE,RESOLVIDO,251CF110023,NOR,13/06/2026 10:00,13/06/2026 14:00,Conecta Obras (Área 4 e 5) NEC,-23.61325037,-46.67174118,"https://www.google.com/maps/place/-23.61325037,-46.67174118"
DMP/A.LES.25.00521,Substituição de Poste em Mau Estado,11/06/2026,Liberado para Execução,FI,CANCELADO,356ET167521,LES,11/06/2026 10:00,11/06/2026 14:00,Engelmig (Área 11) NEC e UPS,-23.62020746,-46.43054859,"https://www.google.com/maps/place/-23.62020746,-46.43054859"
DAC/A.NOR.25.01302,Ligação Nova,06/06/2026,Liberado para Execução,FI,16256267,251ET004045,NOR,06/06/2026 10:00,06/06/2026 14:00,Conecta Obras (Área 4 e 5) NEC,-23.57213159,-46.66249672,"https://www.google.com/maps/place/-23.57213159,-46.66249672"
DAC/A.LES.25.01172,Ligação Nova,09/06/2026,Liberado para Execução,PIE,16270267,353ET012846,LES,09/06/2026 10:00,09/06/2026 14:00,"Conecta Obras Extras (Área 8B, 9 e 11) NEC",-23.53877352,-46.59429823,"https://www.google.com/maps/place/-23.53877352,-46.59429823"
DAC/A.NOR.25.01618,Ligação Nova,10/06/2026,Liberado para Execução,PIE,16267420,257CF002970,NOR,10/06/2026 10:30,10/06/2026 14:30,Conecta Obras (Área 4 e 5) NEC,-23.60039315,-46.61226052,"https://www.google.com/maps/place/-23.60039315,-46.61226052"
DAC/A.NOR.26.00446,Alteração de Carga,09/06/2026,Liberado para Execução,PIE,16258836,152ET038070,NOR,09/06/2026 10:00,09/06/2026 14:00,Conecta Obras (Área 4 e 5) NEC,-23.53794273,-46.66000002,"https://www.google.com/maps/place/-23.53794273,-46.66000002"
DMP/A.NOR.25.07515,Segurança Operativa,13/06/2026,Liberado para Execução,PIE,16289633,251ET016289,NOR,13/06/2026 10:00,13/06/2026 14:00,Conecta Obras (Área 4 e 5) NEC,-23.62118815,-46.64163162,"https://www.google.com/maps/place/-23.62118815,-46.64163162"
DAC/A.NOR.24.01478,Afastamento de Rede (Clientes),13/06/2026,Liberado para Execução,PIE,16289585,251ET006685,NOR,13/06/2026 10:00,13/06/2026 13:00,Conecta Obras Extras (Área 4 e 5) NEC,-23.59746504,-46.67378293,"https://www.google.com/maps/place/-23.59746504,-46.67378293"
DAC/A.LES.25.01062,Ligação Provisória,05/06/2026,Liberado para Execução,FI,16254615,ET-160650,LES,05/06/2026 10:00,05/06/2026 14:00,"Start Engenharia (Área 8B, 9  e 11) NEC",-23.62423915,-46.49347294,"https://www.google.com/maps/place/-23.62423915,-46.49347294"
DAC/A.LES.25.01090,Ligação Provisória,05/06/2026,Liberado para Execução,FI,16254615,ET-160650,LES,05/06/2026 10:00,05/06/2026 14:00,"Start Engenharia (Área 8B, 9  e 11) NEC",-23.62423915,-46.49347294,"https://www.google.com/maps/place/-23.62423915,-46.49347294"
DMP/A.LES.25.01131,Rede Compacta,05/06/2026,Liberado para Execução,FI,16257812,010ET053870,LES,05/06/2026 10:00,05/06/2026 13:00,"Start Engenharia (Área 8B, 9  e 11) NEC",,,
DAC/A.LES.25.00626,Ligação Nova,10/06/2026,Liberado para Execução,PIE,16272894,353ET001496,LES,10/06/2026 00:30,10/06/2026 04:30,"Start Engenharia (Área 8B, 9  e 11) NEC",-23.54334248,-46.59794903,"https://www.google.com/maps/place/-23.54334248,-46.59794903"
DAC/A.LES.25.00859,Migração para Média Tensão,13/06/2026,Liberado para Execução,FI,16282206,356ET011378,LES,13/06/2026 09:00,13/06/2026 16:00,"Start Engenharia (Área 8B, 9  e 11) NEC",,,
DAC/A.NOR.25.01161,Ligação Nova,11/06/2026,Liberado para Execução,PIE,16281816,354ET015245,NOR,11/06/2026 10:00,11/06/2026 14:00,Conecta Obras (Área 4 e 5) NEC,-23.47570829,-46.595693,"https://www.google.com/maps/place/-23.47570829,-46.595693"
DAC/A.NOR.25.00989,Ligação Nova,12/06/2026,Liberado para Execução,PIE,16289280,354ET008484,NOR,12/06/2026 10:00,12/06/2026 14:00,Conecta Obras (Área 4 e 5) NEC,,,
DAC/A.LES.25.00921,Alteração de Carga,11/06/2026,Liberado para Execução,PIE,16282029,353ET064943,LES,11/06/2026 00:30,11/06/2026 04:30,"Start Engenharia (Área 8B, 9  e 11) NEC",-23.57024522,-46.50751056,"https://www.google.com/maps/place/-23.57024522,-46.50751056"
DAC/A.NOR.25.01170,Ligação Nova,14/06/2026,Liberado para Documentação,PIE,,151ET024059,NOR,14/06/2026 10:00,14/06/2026 14:00,Conecta Obras (Área 4 e 5) NEC,-23.56159469,-46.66911364,"https://www.google.com/maps/place/-23.56159469,-46.66911364"
DAC/A.LES.25.00992,Ligação Nova,05/06/2026,Liberado para Execução,FI,16245397,020ET018889,LES,05/06/2026 23:00,06/06/2026 02:00,"Start Engenharia (Área 8B, 9  e 11) NEC",-23.71059039,-46.40361914,"https://www.google.com/maps/place/-23.71059039,-46.40361914"
DAC/A.LES.25.01142,Ligação Nova,05/06/2026,Liberado para Execução,FI,16247011,356ET163133,LES,05/06/2026 10:00,05/06/2026 13:00,"Start Engenharia (Área 8B, 9  e 11) NEC",-23.5310404,-46.4401137,"https://www.google.com/maps/place/-23.5310404,-46.4401137"
DAC/A.LES.26.00572,Alteração de Carga,11/06/2026,Liberado para Execução,PIE,16277077,010ET013254,LES,11/06/2026 10:00,11/06/2026 13:00,"Start Engenharia (Área 8B, 9  e 11) NEC",-23.69181092,-46.52033207,"https://www.google.com/maps/place/-23.69181092,-46.52033207"
DMP/A.LES.24.07665,Reforma de Rede Secundaria RTRI,11/06/2026,Liberado para Execução,FI,16276865,020ET070058,LES,11/06/2026 09:00,11/06/2026 12:00,Engelmig (Área 11) NEC e UPS,-23.6957811,-46.43695104,"https://www.google.com/maps/place/-23.6957811,-46.43695104"
DAC/A.LES.26.00759,Alteração de Carga,11/06/2026,Liberado para Execução,FI,16258687,356ET029428,LES,11/06/2026 14:30,11/06/2026 17:30,"Start Engenharia (Área 8B, 9  e 11) NEC",-23.60481325,-46.43097145,"https://www.google.com/maps/place/-23.60481325,-46.43097145"
DMP/A.LES.22.01034,Reforma de Rede Secundária,11/06/2026,Liberado para Execução,OLVR,,356ET093595,LES,11/06/2026 08:30,11/06/2026 16:30,Engelmig (Área 11) NEC e UPS,-23.58206269,-46.3968758,"https://www.google.com/maps/place/-23.58206269,-46.3968758"
DMP/A.LES.20.06225,Reforma de Rede Secundária,11/06/2026,Liberado para Execução,FI,16277125,353ET011169,LES,11/06/2026 09:30,11/06/2026 13:30,Engelmig (Área 11) NEC e UPS,-23.52670879,-46.51668464,"https://www.google.com/maps/place/-23.52670879,-46.51668464"
DAC/A.LES.25.00125,Alteração de Carga,06/06/2026,Liberado para Execução,FI,16258410,353ET024222,LES,06/06/2026 10:00,06/06/2026 14:00,"Start Engenharia (Área 8B, 9  e 11) NEC",,,
DAC/A.LES.25.00103,Alteração de Carga,06/06/2026,Liberado para Execução,FI,16258410,353ET024222,LES,06/06/2026 10:00,06/06/2026 14:00,"Start Engenharia (Área 8B, 9  e 11) NEC",,,
DAC/A.LES.25.00117,Alteração de Carga,06/06/2026,Liberado para Execução,FI,16258410,353ET024222,LES,06/06/2026 10:00,06/06/2026 14:00,"Start Engenharia (Área 8B, 9  e 11) NEC",,,
DAC/A.NOR.26.00232,Remoção de Poste,06/06/2026,Liberado para Execução,PIE,16258123,257CF110607,NOR,06/06/2026 10:00,06/06/2026 14:00,Conecta Obras (Área 4 e 5) NEC,-23.58110301,-46.63928789,"https://www.google.com/maps/place/-23.58110301,-46.63928789"
DAC/A.NOR.25.01713,Remoção de Poste,06/06/2026,Liberado para Execução,FI,16255530,251ET008379,NOR,06/06/2026 10:00,06/06/2026 13:00,Conecta Obras (Área 4 e 5) NEC,-23.61133225,-46.6513576,"https://www.google.com/maps/place/-23.61133225,-46.6513576"
DAC/A.NOR.25.01525,Remoção de Poste,10/06/2026,Liberado para Execução,PIE,16265877,251CF110387,NOR,10/06/2026 10:30,10/06/2026 14:30,Conecta Obras (Área 4 e 5) NEC,-23.60402029,-46.66810199,"https://www.google.com/maps/place/-23.60402029,-46.66810199"
DAC/A.NOR.25.01524,Remoção de Poste,10/06/2026,Liberado para Execução,PIE,16265877,251CF110387,NOR,10/06/2026 10:30,10/06/2026 14:30,Conecta Obras (Área 4 e 5) NEC,-23.60402029,-46.66810199,"https://www.google.com/maps/place/-23.60402029,-46.66810199"
DAC/A.NOR.25.01498,Afastamento de Rede (Clientes),10/06/2026,Liberado para Execução,PIE,16265877,251CF110387,NOR,10/06/2026 10:30,10/06/2026 14:30,Conecta Obras (Área 4 e 5) NEC,-23.60402029,-46.66810199,"https://www.google.com/maps/place/-23.60402029,-46.66810199"
DAC/A.NOR.25.01497,Remoção de Poste,10/06/2026,Liberado para Execução,PIE,16265877,251CF110387,NOR,10/06/2026 10:30,10/06/2026 14:30,Conecta Obras (Área 4 e 5) NEC,-23.60402029,-46.66810199,"https://www.google.com/maps/place/-23.60402029,-46.66810199"
DAC/A.NOR.25.01763,Ligação Nova,05/06/2026,Liberado para Execução,FI,16254291,257IP19J091,NOR,05/06/2026 10:00,05/06/2026 14:00,Conecta Obras (Área 4 e 5) NEC,-23.59582252,-46.63679362,"https://www.google.com/maps/place/-23.59582252,-46.63679362"
DAC/A.NOR.25.00786,Ligação Nova,05/06/2026,Liberado para Execução,BRA,16295246,351ET132512,NOR,05/06/2026 09:00,05/06/2026 17:00,Conecta Obras (Área 4 e 5) NEC,-23.44265338,-46.72573661,"https://www.google.com/maps/place/-23.44265338,-46.72573661"
DAC/A.LES.24.00551,Afastamento de Rede (Clientes),14/06/2026,Liberado para Execução,PIE,16300673,356ET162619,LES,14/06/2026 10:00,14/06/2026 15:00,"Start Engenharia (Área 8B, 9  e 11) NEC",-23.59645075,-46.45535539,"https://www.google.com/maps/place/-23.59645075,-46.45535539"
DAC/A.LES.24.00552,Afastamento de Rede (Clientes),14/06/2026,Liberado para Execução,PIE,16300673,356ET162619,LES,14/06/2026 10:00,14/06/2026 15:00,"Start Engenharia (Área 8B, 9  e 11) NEC",-23.59645075,-46.45535539,"https://www.google.com/maps/place/-23.59645075,-46.45535539"
DAC/A.LES.26.00575,Migração para Média Tensão,12/06/2026,Liberado para Execução,PIE,16282013,010ET026108,LES,12/06/2026 23:00,13/06/2026 04:00,"Start Engenharia (Área 8B, 9  e 11) NEC",-23.65379052,-46.54475267,"https://www.google.com/maps/place/-23.65379052,-46.54475267"
DAC/A.NOR.26.00426,Ligação Provisória,05/06/2026,Liberado para Execução,FI,16251234,151EP000844,NOR,05/06/2026 10:00,05/06/2026 14:00,Conecta Obras (Área 4 e 5) NEC,,,
DAC/A.NOR.25.01373,Ligação Nova,05/06/2026,Liberado para Execução,FI,16251440,251ET014226,NOR,05/06/2026 10:00,05/06/2026 14:00,Conecta Obras (Área 4 e 5) NEC,-23.6351372,-46.67449988,"https://www.google.com/maps/place/-23.6351372,-46.67449988"
DAC/A.NOR.25.01116,Ligação Nova,05/06/2026,Liberado para Execução,FI,16254474,354ET014792,NOR,05/06/2026 10:00,05/06/2026 14:00,Conecta Obras (Área 4 e 5) NEC,-23.43709671,-46.59227877,"https://www.google.com/maps/place/-23.43709671,-46.59227877"
DAC/A.LES.26.00394,Ligação Nova,10/06/2026,Liberado para Execução,FI,16285021,353ET059437,LES,10/06/2026 10:00,10/06/2026 14:00,"Start Engenharia (Área 8B, 9  e 11) NEC",-23.51250282,-46.52875314,"https://www.google.com/maps/place/-23.51250282,-46.52875314"
DAC/A.LES.26.00371,Ligação Nova,10/06/2026,Liberado para Execução,FI,16285021,353ET059437,LES,10/06/2026 10:00,10/06/2026 14:00,"Start Engenharia (Área 8B, 9  e 11) NEC",-23.51250282,-46.52875314,"https://www.google.com/maps/place/-23.51250282,-46.52875314"
DAC/A.LES.26.00520,Alteração de Carga,10/06/2026,Liberado para Execução,FI,16275960,356ET017622,LES,10/06/2026 10:00,10/06/2026 14:00,"Start Engenharia (Área 8B, 9  e 11) NEC",-23.53252241,-46.44770006,"https://www.google.com/maps/place/-23.53252241,-46.44770006"
DAC/A.NOR.26.00264,Migração para Média Tensão,13/06/2026,Liberado para Execução,PIE,16289895,257ET131847,NOR,13/06/2026 10:00,13/06/2026 14:00,Conecta Obras (Área 4 e 5) NEC,-23.60095662,-46.65305023,"https://www.google.com/maps/place/-23.60095662,-46.65305023"
DAC/A.NOR.24.01511,Ligação Nova,05/06/2026,Liberado para Execução,FI,16254181,257ET120020,NOR,05/06/2026 10:00,05/06/2026 14:00,Conecta Obras (Área 4 e 5) NEC,-23.58295645,-46.63453336,"https://www.google.com/maps/place/-23.58295645,-46.63453336"
DAC/A.LES.25.01069,Ligação Nova,10/06/2026,Liberado para Execução,FI,16275665,010ET026950,LES,10/06/2026 09:30,10/06/2026 13:00,"Start Engenharia (Área 8B, 9  e 11) NEC",-23.66466366,-46.54108623,"https://www.google.com/maps/place/-23.66466366,-46.54108623"
DAC/A.LES.25.01111,Alteração de Carga,11/06/2026,Liberado para Execução,FI,16265434,CF-005653,LES,11/06/2026 09:30,11/06/2026 13:30,"Start Engenharia (Área 8B, 9  e 11) NEC",-23.4810151,-46.42954314,"https://www.google.com/maps/place/-23.4810151,-46.42954314"
DAC/A.LES.25.00336,Ligação Nova,12/06/2026,Liberado para Execução,FI,16282115,015ET002796,LES,12/06/2026 14:30,12/06/2026 16:30,"Start Engenharia (Área 8B, 9  e 11) NEC",-23.66531657,-46.45679634,"https://www.google.com/maps/place/-23.66531657,-46.45679634"
DAC/A.LES.26.00363,Alteração de Carga,11/06/2026,Liberado para Execução,FI,16277048,352ET162457,LES,11/06/2026 10:00,11/06/2026 14:00,"Start Engenharia (Área 8B, 9  e 11) NEC",-23.52131052,-46.41167181,"https://www.google.com/maps/place/-23.52131052,-46.41167181"
DAC/A.NOR.26.00267,Migração para Média Tensão,14/06/2026,Liberado para Execução,FI,16282228,251ET121269,NOR,14/06/2026 10:00,14/06/2026 14:00,Conecta Obras (Área 4 e 5) NEC,-23.60123582,-46.68337182,"https://www.google.com/maps/place/-23.60123582,-46.68337182"
DAC/A.NOR.25.01104,Alteração de Carga,05/06/2026,Liberado para Execução,FI,16253746,251ET121759,NOR,05/06/2026 10:00,05/06/2026 14:00,Conecta Obras (Área 4 e 5) NEC,-23.62630282,-46.66723832,"https://www.google.com/maps/place/-23.62630282,-46.66723832"
DAC/A.NOR.25.01040,Ligação Nova,05/06/2026,Liberado para Execução,FI,16253746,251ET121759,NOR,05/06/2026 10:00,05/06/2026 14:00,Conecta Obras (Área 4 e 5) NEC,-23.62630282,-46.66723832,"https://www.google.com/maps/place/-23.62630282,-46.66723832"
DMP/A.LES.26.02575,Segurança Operativa,09/06/2026,Liberado para Execução,FI,16272100,356ET160585,LES,09/06/2026 10:30,09/06/2026 14:30,"Start Engenharia (Área 8B, 9  e 11) NEC",-23.59714971,-46.4570628,"https://www.google.com/maps/place/-23.59714971,-46.4570628"
DAC/A.NOR.25.01140,Ligação Nova,06/06/2026,Liberado para Execução,FI,16256178,152BF020360,NOR,06/06/2026 10:00,06/06/2026 12:00,Conecta Obras (Área 4 e 5) NEC,,,
DAC/A.NOR.25.01172,Ligação Nova,06/06/2026,Liberado para Execução,FI,16256850,257ET012461,NOR,06/06/2026 14:00,06/06/2026 16:00,Conecta Obras (Área 4 e 5) NEC,-23.60489641,-46.64702603,"https://www.google.com/maps/place/-23.60489641,-46.64702603"
DAC/A.NOR.25.00226,Ligação Provisória,06/06/2026,Liberado para Execução,OLVR,,351CF012050,NOR,06/06/2026 09:00,06/06/2026 17:00,Conecta Obras (Área 4 e 5) NEC,,,
DAC/A.NOR.25.01011,Ligação Nova,06/06/2026,Liberado para Execução,FI,16256944,257ET055233,NOR,06/06/2026 10:00,06/06/2026 14:00,Conecta Obras (Área 4 e 5) NEC,-23.59686287,-46.64483659,"https://www.google.com/maps/place/-23.59686287,-46.64483659"
DAC/A.NOR.26.00099,Alteração de Carga,05/06/2026,Liberado para Execução,FI,16251460,251ET020775,NOR,05/06/2026 10:00,05/06/2026 14:00,Conecta Obras (Área 4 e 5) NEC,-23.58908329,-46.67766476,"https://www.google.com/maps/place/-23.58908329,-46.67766476"
DAC/A.LES.25.01251,Migração para Média Tensão,11/06/2026,Liberado para Execução,FI,16258173,356ET160514,LES,11/06/2026 10:00,11/06/2026 14:00,"Start Engenharia (Área 8B, 9  e 11) NEC",-23.52510321,-46.40459987,"https://www.google.com/maps/place/-23.52510321,-46.40459987"
DAC/A.LES.26.00724,Alteração de Carga,11/06/2026,Liberado para Execução,FI,16266214,356ET161769,LES,11/06/2026 23:00,12/06/2026 03:00,"Start Engenharia (Área 8B, 9  e 11) NEC",-23.54121874,-46.45526184,"https://www.google.com/maps/place/-23.54121874,-46.45526184"
DAC/A.NOR.26.00224,Alteração de Carga,06/06/2026,Liberado para Execução,FI,16258103,354ET143116,NOR,06/06/2026 10:00,06/06/2026 14:00,Conecta Obras (Área 4 e 5) NEC,-23.43263697,-46.59141109,"https://www.google.com/maps/place/-23.43263697,-46.59141109"
DAC/A.LES.25.01156,Ligação Nova,12/06/2026,Liberado para Execução,BRA,16306292,010ET088600,LES,12/06/2026 09:00,12/06/2026 12:00,"Start Engenharia (Área 8B, 9  e 11) NEC",-23.62662026,-46.50685542,"https://www.google.com/maps/place/-23.62662026,-46.50685542"
DAC/A.LES.25.01007,Ligação Nova,12/06/2026,Liberado para Execução,FI,16277326,015ET088045,LES,12/06/2026 10:00,12/06/2026 15:00,"Start Engenharia (Área 8B, 9  e 11) NEC",-23.65398007,-46.45188797,"https://www.google.com/maps/place/-23.65398007,-46.45188797"
DAC/A.LES.25.00998,Ligação Nova,11/06/2026,Liberado para Execução,FI,16277053,352ET020800,LES,11/06/2026 03:00,11/06/2026 06:00,"Start Engenharia (Área 8B, 9  e 11) NEC",-23.50110356,-46.47436761,"https://www.google.com/maps/place/-23.50110356,-46.47436761"
DAC/A.NOR.25.01437,Ligação Provisória,09/06/2026,Liberado para Execução,BRA,16301104,251ET121750,NOR,09/06/2026 09:00,09/06/2026 17:00,Conecta Obras (Área 4 e 5) NEC,-23.60741246,-46.66879903,"https://www.google.com/maps/place/-23.60741246,-46.66879903"
DAC/A.NOR.25.01428,Ligação Nova,05/06/2026,Liberado para Execução,BRA,16295412,351CF008232,NOR,05/06/2026 08:00,05/06/2026 17:00,Conecta Obras (Área 4 e 5) NEC,-23.50589606,-46.67998578,"https://www.google.com/maps/place/-23.50589606,-46.67998578"
DAC/A.NOR.26.00230,Ligação Nova,14/06/2026,Liberado para Execução,FI,16282367,257BF034553,NOR,14/06/2026 10:00,14/06/2026 14:00,Conecta Obras (Área 4 e 5) NEC,-23.57895345,-46.62337818,"https://www.google.com/maps/place/-23.57895345,-46.62337818"
DAC/A.NOR.25.01099,Afastamento de Rede (Clientes),14/06/2026,Liberado para Execução,PIE,16250180,CF-010874,NOR,14/06/2026 10:00,14/06/2026 14:00,Conecta Obras Extras (Área 4 e 5) NEC,-23.62664226,-46.66154939,"https://www.google.com/maps/place/-23.62664226,-46.66154939"
DAC/A.NOR.25.01100,Afastamento de Rede (Clientes),14/06/2026,Liberado para Execução,PIE,16250180,251CF010874,NOR,14/06/2026 10:00,14/06/2026 14:00,Conecta Obras Extras (Área 4 e 5) NEC,-23.62664226,-46.66154939,"https://www.google.com/maps/place/-23.62664226,-46.66154939"
DAC/A.NOR.26.00470,Migração para Média Tensão,09/06/2026,Liberado para Execução,FI,16267441,257CT004094,NOR,09/06/2026 10:00,09/06/2026 14:00,Conecta Obras (Área 4 e 5) NEC,-23.58807693,-46.63280266,"https://www.google.com/maps/place/-23.58807693,-46.63280266"
DAC/A.NOR.24.01193,Ligação Nova,09/06/2026,Liberado para Execução,FI,16271082,354ET142601,NOR,09/06/2026 10:00,09/06/2026 14:00,Conecta Obras (Área 4 e 5) NEC,-23.50112102,-46.63084855,"https://www.google.com/maps/place/-23.50112102,-46.63084855"
DMP/A.LES.24.04868,Reforma de Rede Secundaria RTRI,12/06/2026,Liberado para Execução,FI,16280902,353ET002493,LES,12/06/2026 10:00,12/06/2026 14:00,Engelmig (Área 11) NEC e UPS,-23.52380116,-46.61709042,"https://www.google.com/maps/place/-23.52380116,-46.61709042"
DAC/A.LES.25.00538,Ligação Nova,13/06/2026,Liberado para Execução,FI,16285228,353ET004346,LES,13/06/2026 10:00,13/06/2026 14:00,"Start Engenharia (Área 8B, 9  e 11) NEC",-23.53874921,-46.5617798,"https://www.google.com/maps/place/-23.53874921,-46.5617798"
DAC/A.NOR.23.00864,Afastamento de Rede (Clientes),09/06/2026,Liberado para Execução,FI,16267494,351ET020667,NOR,09/06/2026 10:00,09/06/2026 14:00,Conecta Obras Extras (Área 4 e 5) NEC,-23.48705198,-46.65283181,"https://www.google.com/maps/place/-23.48705198,-46.65283181"
DAC/A.LES.25.00895,Ligação Nova,13/06/2026,Liberado para Execução,FI,16285228,353ET004346,LES,13/06/2026 10:00,13/06/2026 14:00,"Start Engenharia (Área 8B, 9  e 11) NEC",-23.53874921,-46.5617798,"https://www.google.com/maps/place/-23.53874921,-46.5617798"
DMP/A.LES.25.03609,Reforma de Rede Secundaria RTRI,12/06/2026,Liberado para Execução,FI,16265905,010ET029913,LES,12/06/2026 10:00,12/06/2026 14:00,Engelmig (Área 11) NEC e UPS,-23.68743942,-46.51906464,"https://www.google.com/maps/place/-23.68743942,-46.51906464"
DAC/A.LES.26.00339,Ligação Nova BT  Universalização,11/06/2026,Liberado para Execução,FI,16277206,356ET018899,LES,11/06/2026 13:00,11/06/2026 16:00,"Start Engenharia (Área 8B, 9  e 11) NEC",-23.62309608,-46.41884274,"https://www.google.com/maps/place/-23.62309608,-46.41884274"
DAC/A.NOR.25.00174,Ligação Nova,09/06/2026,Liberado para Execução,FI,16267139,351BF052629,NOR,09/06/2026 10:00,09/06/2026 14:00,Conecta Obras (Área 4 e 5) NEC,-23.44240941,-46.75586264,"https://www.google.com/maps/place/-23.44240941,-46.75586264"
DAC/A.NOR.25.01660,Ligação Nova,09/06/2026,Liberado para Execução,FI,CANCELADO,257ET035052,NOR,09/06/2026 10:00,09/06/2026 14:00,Conecta Obras (Área 4 e 5) NEC,-23.57967061,-46.64236825,"https://www.google.com/maps/place/-23.57967061,-46.64236825"
DAC/A.NOR.25.01328,Ligação Nova,09/06/2026,Liberado para Execução,BRA,16301142,251ET122137,NOR,09/06/2026 08:00,09/06/2026 17:00,Conecta Obras (Área 4 e 5) NEC,-23.60782985,-46.6915709,"https://www.google.com/maps/place/-23.60782985,-46.6915709"
DAC/A.NOR.25.00188,Ligação Nova,09/06/2026,Liberado para Execução,BRA,16301268,257ET033699,NOR,09/06/2026 08:00,09/06/2026 17:00,Conecta Obras (Área 4 e 5) NEC,-23.59644125,-46.6257933,"https://www.google.com/maps/place/-23.59644125,-46.6257933"
DMP/A.NOR.26.02176,Reforma de Rede Secundaria RTRI,09/06/2026,Liberado para Execução,FI,16276320,354ET035295,NOR,09/06/2026 10:00,09/06/2026 14:00,Conecta Obras (Área 4 e 5) NEC,-23.46850464,-46.63129935,"https://www.google.com/maps/place/-23.46850464,-46.63129935"
DAC/A.NOR.26.00363,Remoção de Poste,10/06/2026,Liberado para Execução,FI,16272671,257ET004352,NOR,10/06/2026 10:00,10/06/2026 14:00,Conecta Obras (Área 4 e 5) NEC,-23.62268617,-46.61340556,"https://www.google.com/maps/place/-23.62268617,-46.61340556"
DAC/A.NOR.25.01123,Ligação Provisória,09/06/2026,Liberado para Execução,BRA,16301551,351ET141253,NOR,09/06/2026 08:00,09/06/2026 17:00,Conecta Obras (Área 4 e 5) NEC,-23.48853682,-46.70609161,"https://www.google.com/maps/place/-23.48853682,-46.70609161"
DAC/A.LES.25.00984,Ligação Nova,12/06/2026,Liberado para Execução,FI,16281320,352ET161085,LES,12/06/2026 03:30,12/06/2026 05:30,"Start Engenharia (Área 8B, 9  e 11) NEC",-23.48861356,-46.50116521,"https://www.google.com/maps/place/-23.48861356,-46.50116521"
DAC/A.NOR.26.00458,Ligação Nova,09/06/2026,Liberado para Execução,FI,16286747,261ET079617,NOR,09/06/2026 10:30,09/06/2026 14:30,"Alpitel Energy (Área 7, 8A e 10) NEC",-23.66260829,-46.6756688,"https://www.google.com/maps/place/-23.66260829,-46.6756688"
DAC/A.LES.25.00994,Ligação Nova,12/06/2026,Liberado para Execução,FI,16281320,352ET161085,LES,12/06/2026 03:30,12/06/2026 05:30,"Start Engenharia (Área 8B, 9  e 11) NEC",-23.48861356,-46.50116521,"https://www.google.com/maps/place/-23.48861356,-46.50116521"
DAC/A.NOR.26.00397,Ligação Nova,09/06/2026,Liberado para Execução,FI,16286747,261ET079617,NOR,09/06/2026 10:30,09/06/2026 14:30,"Alpitel Energy (Área 7, 8A e 10) NEC",-23.66260829,-46.6756688,"https://www.google.com/maps/place/-23.66260829,-46.6756688"
DAC/A.NOR.24.00753,Ligação Nova,10/06/2026,Liberado para Execução,FI,16272647,257EP029237,NOR,10/06/2026 10:00,10/06/2026 14:00,Conecta Obras (Área 4 e 5) NEC,,,
DAC/A.LES.25.01241,Ligação Nova,11/06/2026,Liberado para Execução,FI,16258560,356ET163170,LES,11/06/2026 10:00,11/06/2026 13:00,"Start Engenharia (Área 8B, 9  e 11) NEC",-23.57727653,-46.38286587,"https://www.google.com/maps/place/-23.57727653,-46.38286587"
DAC/A.NOR.26.00012,Alteração de Carga,10/06/2026,Liberado para Execução,FI,16275394,354ET013532,NOR,10/06/2026 13:30,10/06/2026 15:30,Conecta Obras (Área 4 e 5) NEC,-23.46481162,-46.66664822,"https://www.google.com/maps/place/-23.46481162,-46.66664822"
DAC/A.NOR.25.01759,Alteração de Carga,10/06/2026,Liberado para Execução,FI,16272805,257ET027757,NOR,10/06/2026 10:00,10/06/2026 12:00,Conecta Obras (Área 4 e 5) NEC,-23.59128861,-46.65408642,"https://www.google.com/maps/place/-23.59128861,-46.65408642"
DAC/A.NOR.25.01598,Ligação Provisória,13/06/2026,Liberado para Documentação,BRA,,257EP029088,NOR,13/06/2026 08:00,13/06/2026 17:00,Conecta Obras (Área 4 e 5) NEC,-23.56117369,-46.6164272,"https://www.google.com/maps/place/-23.56117369,-46.6164272"
DAC/A.NOR.25.00924,Ligação Nova,10/06/2026,Liberado para Execução,BRA,16304363,257ET039146,NOR,10/06/2026 08:00,10/06/2026 17:00,Conecta Obras (Área 4 e 5) NEC,-23.59138748,-46.63742926,"https://www.google.com/maps/place/-23.59138748,-46.63742926"
DAC/A.LES.26.00386,Alteração de Carga,13/06/2026,Liberado para Execução,FI,16276089,356ET010796,LES,13/06/2026 10:00,13/06/2026 14:00,"Start Engenharia (Área 8B, 9  e 11) NEC",-23.52558729,-46.45345173,"https://www.google.com/maps/place/-23.52558729,-46.45345173"
DAC/A.NOR.25.01571,Remoção de Posto Primário,10/06/2026,Liberado para Execução,BRA,16304410,257ET028811,NOR,10/06/2026 08:00,10/06/2026 17:00,Conecta Obras (Área 4 e 5) NEC,,,
DAC/A.LES.26.00625,Ligação Nova,06/06/2026,Liberado para Execução,FI,16271106,ET-161139; ET-166978,LES,06/06/2026 10:00,06/06/2026 14:00,"Start Engenharia (Área 8B, 9  e 11) NEC",-23.60898652,-46.40844553,"https://www.google.com/maps/place/-23.60898652,-46.40844553"
DAC/A.NOR.25.01237,Alteração de Carga,11/06/2026,Liberado para Execução,FI,16276768,251ET030291,NOR,11/06/2026 10:00,11/06/2026 14:00,Conecta Obras (Área 4 e 5) NEC,-23.59768851,-46.67077542,"https://www.google.com/maps/place/-23.59768851,-46.67077542"
DAC/A.NOR.25.00075,Ligação Nova,10/06/2026,Liberado para Execução,BRA,16304670,351ET132907,NOR,10/06/2026 08:00,10/06/2026 17:00,Conecta Obras (Área 4 e 5) NEC,-23.49382529,-46.69348098,"https://www.google.com/maps/place/-23.49382529,-46.69348098"
DAC/A.NOR.25.00853,Ligação Nova,11/06/2026,Liberado para Execução,FI,16276582,152ET026402,NOR,11/06/2026 10:00,11/06/2026 14:00,Conecta Obras (Área 4 e 5) NEC,-23.52370588,-46.66354839,"https://www.google.com/maps/place/-23.52370588,-46.66354839"
DAC/A.NOR.25.01772,Remoção de Posto Primário,06/06/2026,Liberado para Execução,BRA,16295410,354ET005029,NOR,06/06/2026 08:00,06/06/2026 17:00,Conecta Obras (Área 4 e 5) NEC,,,
DMP/A.NOR.26.02627,Reforma de Rede Secundaria RTRI,11/06/2026,Liberado para Execução,FI,16276981,351ET011494,NOR,11/06/2026 10:00,11/06/2026 14:00,ZZOUT-Conecta Área 4 (Contrato Antigo),-23.48291116,-46.6903354,"https://www.google.com/maps/place/-23.48291116,-46.6903354"
DAC/A.LES.26.00359,Alteração de Carga,11/06/2026,Liberado para Execução,FI,16276186,010ET027717,LES,11/06/2026 14:00,11/06/2026 16:00,"Start Engenharia (Área 8B, 9  e 11) NEC",-23.63927086,-46.49570696,"https://www.google.com/maps/place/-23.63927086,-46.49570696"
DAC/A.NOR.25.01410,Alteração de Carga,11/06/2026,Liberado para Execução,FI,16276599,152ET085387,NOR,11/06/2026 10:00,11/06/2026 13:00,Conecta Obras (Área 4 e 5) NEC,-23.54018963,-46.65820518,"https://www.google.com/maps/place/-23.54018963,-46.65820518"
DAC/A.NOR.25.01559,Alteração de Carga,11/06/2026,Liberado para Execução,FI,16277007,351ET000624,NOR,11/06/2026 10:00,11/06/2026 14:00,Conecta Obras (Área 4 e 5) NEC,-23.4828582,-46.7010955,"https://www.google.com/maps/place/-23.4828582,-46.7010955"
DAC/A.NOR.25.00205,Ligação Nova,11/06/2026,Liberado para Execução,FI,16276725,251ET009648,NOR,11/06/2026 11:30,11/06/2026 14:00,Conecta Obras (Área 4 e 5) NEC,-23.61504686,-46.68563591,"https://www.google.com/maps/place/-23.61504686,-46.68563591"
DAC/A.NOR.25.01501,Ligação Nova,11/06/2026,Liberado para Execução,FI,16276874,257ET068755,NOR,11/06/2026 10:00,11/06/2026 13:00,Conecta Obras (Área 4 e 5) NEC,-23.57481284,-46.6545268,"https://www.google.com/maps/place/-23.57481284,-46.6545268"
DAC/A.NOR.25.01469,Alteração de Carga,12/06/2026,Liberado para Execução,FI,16277756,151ET001303,NOR,12/06/2026 10:00,12/06/2026 14:00,Conecta Obras (Área 4 e 5) NEC,-23.56619862,-46.64462656,"https://www.google.com/maps/place/-23.56619862,-46.64462656"
DAC/A.NOR.25.01200,Ligação Nova,12/06/2026,Liberado para Execução,BRA,16306299,251ET121236,NOR,12/06/2026 09:00,12/06/2026 17:00,Conecta Obras (Área 4 e 5) NEC,-23.60909915,-46.66847545,"https://www.google.com/maps/place/-23.60909915,-46.66847545"
DAC/A.NOR.25.01624,Ligação Provisória,12/06/2026,Liberado para Execução,FI,16278122,251ET048529,NOR,12/06/2026 10:00,12/06/2026 14:00,Conecta Obras (Área 4 e 5) NEC,-23.61273877,-46.68782995,"https://www.google.com/maps/place/-23.61273877,-46.68782995"
DMP/A.LES.25.01389,Reforma de Rede Secundária,12/06/2026,Liberado para Execução,FI,16281155,353ET024580,LES,12/06/2026 10:00,12/06/2026 14:00,"Start Engenharia (Área 8B, 9  e 11) NEC",-23.58546548,-46.51450793,"https://www.google.com/maps/place/-23.58546548,-46.51450793"
DAC/A.NOR.24.01517,Ligação Nova,14/06/2026,Liberado para Documentação,BRA,,251IP16J209,NOR,14/06/2026 08:00,14/06/2026 17:00,Conecta Obras (Área 4 e 5) NEC,-23.59383967,-46.68083457,"https://www.google.com/maps/place/-23.59383967,-46.68083457"
DAC/A.NOR.24.01518,Ligação Nova,14/06/2026,Liberado para Documentação,BRA,,251IP16J209,NOR,14/06/2026 08:00,14/06/2026 17:00,Conecta Obras (Área 4 e 5) NEC,-23.59383967,-46.68083457,"https://www.google.com/maps/place/-23.59383967,-46.68083457"
DAC/A.NOR.25.00547,Ligação Nova,12/06/2026,Liberado para Execução,FI,16277697,152BF020382,NOR,12/06/2026 10:00,12/06/2026 14:00,Conecta Obras (Área 4 e 5) NEC,,,
DMP/A.LES.24.02834,Reforma de Rede Secundária,12/06/2026,Liberado para Execução,FI,16281482,356ET050888,LES,12/06/2026 10:00,12/06/2026 14:00,"Start Engenharia (Área 8B, 9  e 11) NEC",-23.56922282,-46.45972158,"https://www.google.com/maps/place/-23.56922282,-46.45972158"
DAC/A.NOR.26.00399,Remoção de Posto Primário,14/06/2026,Liberado para Documentação,BRA,,251EP029327,NOR,14/06/2026 08:00,14/06/2026 17:00,Conecta Obras (Área 4 e 5) NEC,,,
DAC/A.NOR.25.01321,Ligação Nova,12/06/2026,Liberado para Execução,BRA,16306242,251ET004915,NOR,12/06/2026 09:00,12/06/2026 17:00,Conecta Obras (Área 4 e 5) NEC,-23.62153,-46.66922414,"https://www.google.com/maps/place/-23.62153,-46.66922414"
DAC/A.LES.25.00969,Ligação Nova,13/06/2026,Liberado para Execução,FI,16282162,ET-220858,LES,13/06/2026 04:00,13/06/2026 06:00,"Start Engenharia (Área 8B, 9  e 11) NEC",-23.64997949,-46.53841437,"https://www.google.com/maps/place/-23.64997949,-46.53841437"
DAC/A.NOR.25.01041,Ligação Nova,12/06/2026,Liberado para Documentação,BRA,,ET-005369,NOR,12/06/2026 08:00,12/06/2026 17:00,Conecta Obras (Área 4 e 5) NEC,-23.60510886,-46.69160007,"https://www.google.com/maps/place/-23.60510886,-46.69160007"
DAC/A.NOR.25.01350,Ligação Provisória,10/06/2026,Liberado para Execução,BRA,16304970,ET-007525,NOR,10/06/2026 08:00,10/06/2026 17:00,Conecta Obras (Área 4 e 5) NEC,,,
DAC/A.NOR.25.01806,Ligação Nova,14/06/2026,Liberado para Documentação,BRA,,251BF062473,NOR,14/06/2026 08:00,14/06/2026 17:00,Conecta Obras (Área 4 e 5) NEC,,,
DAC/A.LES.25.00400,Ligação Nova,12/06/2026,Liberado para Execução,BRA,16306466,353ET035533,LES,12/06/2026 09:00,12/06/2026 17:00,"Conecta Obras Extras (Área 8B, 9 e 11) NEC",-23.52855069,-46.49713707,"https://www.google.com/maps/place/-23.52855069,-46.49713707"
DAC/A.NOR.25.01195,Ligação Nova,13/06/2026,Liberado para Documentação,BRA,,351ET045032,NOR,13/06/2026 09:00,13/06/2026 17:00,Conecta Obras (Área 4 e 5) NEC,-23.45382007,-46.75133487,"https://www.google.com/maps/place/-23.45382007,-46.75133487"
DAC/A.NOR.26.00246,Ligação Nova,12/06/2026,Liberado para Execução,BRA,16306421,ET-052201,NOR,12/06/2026 09:00,12/06/2026 14:00,Conecta Obras (Área 4 e 5) NEC,,,
DAC/A.LES.25.00266,Migração para Média Tensão,09/06/2026,Liberado para Execução,BRA,16304189,356ET006464,LES,09/06/2026 09:00,09/06/2026 16:00,"Alpitel Energy (Área 7, 8A e 10) NEC",-23.57270971,-46.44682847,"https://www.google.com/maps/place/-23.57270971,-46.44682847"
DAC/A.NOR.26.00413,Afastamento de Rede (Clientes),11/06/2026,Liberado para Execução,OLVR,,351ET037570,NOR,11/06/2026 08:00,11/06/2026 17:00,Conecta Obras (Área 4 e 5) NEC,-23.44417235,-46.78647304,"https://www.google.com/maps/place/-23.44417235,-46.78647304"
DAC/A.NOR.26.00366,Remoção de Poste,12/06/2026,Liberado para Execução,OLVR,,251ET028963,NOR,12/06/2026 08:00,12/06/2026 17:00,Conecta Obras (Área 4 e 5) NEC,-23.61074403,-46.69287922,"https://www.google.com/maps/place/-23.61074403,-46.69287922"
DAC/A.NOR.23.00635,Afastamento de Rede (Clientes),05/06/2026,Liberado para Execução,PIE,16289474,351RA120112,NOR,05/06/2026 09:00,05/06/2026 11:00,Conecta Obras Extras (Área 4 e 5) NEC,-23.48705198,-46.65283181,"https://www.google.com/maps/place/-23.48705198,-46.65283181"
DAC/A.NOR.22.01134,Afastamento de Rede (Clientes),05/06/2026,Liberado para Execução,PIE,16289474,351RA120112,NOR,05/06/2026 09:00,05/06/2026 11:00,Conecta Obras Extras (Área 4 e 5) NEC,-23.48705198,-46.65283181,"https://www.google.com/maps/place/-23.48705198,-46.65283181"
DAC/A.NOR.23.00780,Afastamento de Rede (Clientes),05/06/2026,Liberado para Execução,PIE,16289474,351RA120112,NOR,05/06/2026 09:00,05/06/2026 11:00,Conecta Obras Extras (Área 4 e 5) NEC,-23.48705198,-46.65283181,"https://www.google.com/maps/place/-23.48705198,-46.65283181"
DAC/A.NOR.23.00698,Afastamento de Rede (Clientes),05/06/2026,Liberado para Execução,PIE,16289474,351RA120112,NOR,05/06/2026 09:00,05/06/2026 11:00,Conecta Obras Extras (Área 4 e 5) NEC,-23.48705198,-46.65283181,"https://www.google.com/maps/place/-23.48705198,-46.65283181"
DAC/A.NOR.23.00781,Afastamento de Rede (Clientes),05/06/2026,Liberado para Execução,PIE,16289474,351RA120112,NOR,05/06/2026 09:00,05/06/2026 11:00,Conecta Obras Extras (Área 4 e 5) NEC,-23.48705198,-46.65283181,"https://www.google.com/maps/place/-23.48705198,-46.65283181"
DAC/A.NOR.23.00799,Afastamento de Rede (Clientes),05/06/2026,Liberado para Execução,PIE,16289474,351RA120112,NOR,05/06/2026 09:00,05/06/2026 11:00,Conecta Obras Extras (Área 4 e 5) NEC,-23.48705198,-46.65283181,"https://www.google.com/maps/place/-23.48705198,-46.65283181"
DAC/A.NOR.23.00810,Afastamento de Rede (Clientes),05/06/2026,Liberado para Execução,PIE,16289474,351RA120112,NOR,05/06/2026 09:00,05/06/2026 11:00,Conecta Obras Extras (Área 4 e 5) NEC,-23.48705198,-46.65283181,"https://www.google.com/maps/place/-23.48705198,-46.65283181"
DAC/A.NOR.23.00811,Afastamento de Rede (Clientes),05/06/2026,Liberado para Execução,PIE,16289474,351RA120112,NOR,05/06/2026 09:00,05/06/2026 11:00,Conecta Obras Extras (Área 4 e 5) NEC,-23.48705198,-46.65283181,"https://www.google.com/maps/place/-23.48705198,-46.65283181"
DAC/A.NOR.25.01773,Ligação Nova,13/06/2026,Liberado para Documentação,BRA,,ET-023252,NOR,13/06/2026 08:00,13/06/2026 17:00,Conecta Obras (Área 4 e 5) NEC,-23.59695676,-46.68075976,"https://www.google.com/maps/place/-23.59695676,-46.68075976"
DAC/A.NOR.26.00406,Remoção de Poste,12/06/2026,Liberado para Execução,BRA,16306276,251ET016295,NOR,12/06/2026 09:00,12/06/2026 17:00,Conecta Obras (Área 4 e 5) NEC,-23.62119427,-46.65050215,"https://www.google.com/maps/place/-23.62119427,-46.65050215"
DMP/A.NOR.26.02776,Segurança Operativa,09/06/2026,Liberado para Execução,OLVR,,354ET132680,NOR,09/06/2026 08:00,09/06/2026 17:00,Conecta Obras (Área 4 e 5) NEC,-23.48252396,-46.6213116,"https://www.google.com/maps/place/-23.48252396,-46.6213116"
DAC/A.NOR.25.00979,Ligação Provisória,13/06/2026,Liberado para Documentação,BRA,,251ET132431,NOR,13/06/2026 08:00,13/06/2026 17:00,Conecta Obras (Área 4 e 5) NEC,-23.62664226,-46.66154939,"https://www.google.com/maps/place/-23.62664226,-46.66154939"
DAC/A.NOR.26.00521,Alteração de Carga,12/06/2026,Liberado para Execução,BRA,16306360,351ET000919,NOR,12/06/2026 09:00,12/06/2026 17:00,Conecta Obras (Área 4 e 5) NEC,,,
DAC/A.NOR.26.00455,Alteração de Carga,13/06/2026,Liberado para Execução,BRA,16306818,152ET025080,NOR,13/06/2026 08:00,13/06/2026 17:00,Conecta Obras (Área 4 e 5) NEC,-23.52806718,-46.65796634,"https://www.google.com/maps/place/-23.52806718,-46.65796634"
DAC/A.NOR.25.00786,Ligação Nova,11/06/2026,Liberado para Execução,BRA,16306123,351ET132512,NOR,11/06/2026 09:00,11/06/2026 17:00,Conecta Obras (Área 4 e 5) NEC,-23.44265338,-46.72573661,"https://www.google.com/maps/place/-23.44265338,-46.72573661"
DAC/A.NOR.25.01663,Migração para Média Tensão,11/06/2026,Liberado para Execução,BRA,16306212,253RA060267,NOR,11/06/2026 08:00,11/06/2026 17:00,Conecta Obras (Área 4 e 5) NEC,-23.53710587,-46.66776191,"https://www.google.com/maps/place/-23.53710587,-46.66776191"
DAC/A.NOR.25.01428,Ligação Nova,12/06/2026,Liberado para Execução,BRA,16306346,351CF008232,NOR,12/06/2026 09:00,12/06/2026 17:00,Conecta Obras (Área 4 e 5) NEC,-23.50589606,-46.67998578,"https://www.google.com/maps/place/-23.50589606,-46.67998578"
DAC/A.NOR.23.00812,Afastamento de Rede (Clientes),06/06/2026,Liberado para Execução,PIE,16304481,351ET005487,NOR,06/06/2026 09:00,06/06/2026 11:00,Conecta Obras Extras (Área 4 e 5) NEC,-23.48705198,-46.65283181,"https://www.google.com/maps/place/-23.48705198,-46.65283181"
DAC/A.NOR.23.00841,Afastamento de Rede (Clientes),06/06/2026,Liberado para Execução,PIE,16304481,351ET005487,NOR,06/06/2026 09:00,06/06/2026 11:00,Conecta Obras Extras (Área 4 e 5) NEC,-23.48705198,-46.65283181,"https://www.google.com/maps/place/-23.48705198,-46.65283181"
DAC/A.NOR.23.00811,Afastamento de Rede (Clientes),06/06/2026,Liberado para Execução,PIE,16304481,351ET005487,NOR,06/06/2026 09:00,06/06/2026 11:00,Conecta Obras Extras (Área 4 e 5) NEC,-23.48705198,-46.65283181,"https://www.google.com/maps/place/-23.48705198,-46.65283181"
DAC/A.NOR.25.00226,Ligação Provisória,13/06/2026,Liberado para Execução,OLVR,,351CF012050,NOR,13/06/2026 09:00,13/06/2026 17:00,Conecta Obras (Área 4 e 5) NEC,,,
DMP/A.LES.25.06549,Reforma de Rede Secundaria RTRI,06/06/2026,Rascunho,BRA,16281939-1,352ET035391,LES,06/06/2026 08:00,06/06/2026 17:00,"Start Engenharia (Área 8B, 9  e 11) NEC",-23.51622061,-46.40542953,"https://www.google.com/maps/place/-23.51622061,-46.40542953"
DAC/A.NOR.22.01134,Afastamento de Rede (Clientes),06/06/2026,Liberado para Execução,OLVR,,351RA120112,NOR,06/06/2026 08:00,06/06/2026 17:00,Conecta Obras Extras (Área 4 e 5) NEC,-23.48705198,-46.65283181,"https://www.google.com/maps/place/-23.48705198,-46.65283181"
DAC/A.NOR.23.00635,Afastamento de Rede (Clientes),06/06/2026,Liberado para Execução,OLVR,,351RA120112,NOR,06/06/2026 08:00,06/06/2026 17:00,Conecta Obras Extras (Área 4 e 5) NEC,-23.48705198,-46.65283181,"https://www.google.com/maps/place/-23.48705198,-46.65283181"
DAC/A.NOR.23.00780,Afastamento de Rede (Clientes),06/06/2026,Liberado para Execução,OLVR,,351RA120112,NOR,06/06/2026 08:00,06/06/2026 17:00,Conecta Obras Extras (Área 4 e 5) NEC,-23.48705198,-46.65283181,"https://www.google.com/maps/place/-23.48705198,-46.65283181"
DAC/A.NOR.23.00698,Afastamento de Rede (Clientes),06/06/2026,Liberado para Execução,OLVR,,351RA120112,NOR,06/06/2026 08:00,06/06/2026 17:00,Conecta Obras Extras (Área 4 e 5) NEC,-23.48705198,-46.65283181,"https://www.google.com/maps/place/-23.48705198,-46.65283181"
DAC/A.NOR.23.00781,Afastamento de Rede (Clientes),06/06/2026,Liberado para Execução,OLVR,,351RA120112,NOR,06/06/2026 08:00,06/06/2026 17:00,Conecta Obras Extras (Área 4 e 5) NEC,-23.48705198,-46.65283181,"https://www.google.com/maps/place/-23.48705198,-46.65283181"
DAC/A.NOR.23.00799,Afastamento de Rede (Clientes),06/06/2026,Liberado para Execução,OLVR,,351RA120112,NOR,06/06/2026 08:00,06/06/2026 17:00,Conecta Obras Extras (Área 4 e 5) NEC,-23.48705198,-46.65283181,"https://www.google.com/maps/place/-23.48705198,-46.65283181"
DAC/A.NOR.23.00810,Afastamento de Rede (Clientes),06/06/2026,Liberado para Execução,OLVR,,351RA120112,NOR,06/06/2026 08:00,06/06/2026 17:00,Conecta Obras Extras (Área 4 e 5) NEC,-23.48705198,-46.65283181,"https://www.google.com/maps/place/-23.48705198,-46.65283181"
DAC/A.LES.26.00491,Ligação Nova,13/06/2026,Liberado para Execução,OLVR,,352ET006101,LES,13/06/2026 09:00,13/06/2026 16:00,"Start Engenharia (Área 8B, 9  e 11) NEC",-23.50593063,-46.47611133,"https://www.google.com/maps/place/-23.50593063,-46.47611133"
DAC/A.NOR.25.01294,Ligação Nova,13/06/2026,Liberado para Documentação,BRA,,351ET039213,NOR,13/06/2026 08:00,13/06/2026 17:00,Conecta Obras (Área 4 e 5) NEC,-23.50589606,-46.67998578,"https://www.google.com/maps/place/-23.50589606,-46.67998578"
DMP/A.LES.26.03051,Rede Compacta,11/06/2026,Liberado para Execução,OLVR,,356ET006621,LES,11/06/2026 08:30,11/06/2026 16:30,Engelmig (Área 11) NEC e UPS,,,
DAC/A.LES.26.00771,Ligação Nova,05/06/2026,Liberado para Execução,OLVR,,352ET037901,LES,05/06/2026 13:00,05/06/2026 16:00,"Start Engenharia (Área 8B, 9  e 11) NEC",-23.53791678,-46.48286426,"https://www.google.com/maps/place/-23.53791678,-46.48286426"
