Projeto;Tipo de Serviço;Região;Data Programação;Status;Intervenção;PowerON;Equipamentos;Horário Início;Horário Fim;Contratada;Latitude;Longitude;Link Localização;Link My Maps
DAC/A.NOR.25.01438;Ligação Nova;NOR;19/06/2026;Liberado para Execução;PIE;16323582;257ET004452;19/06/2026 10:00;19/06/2026 14:00;Conecta Obras (Área 4 e 5) NEC;-23.60264085;-46.61622388;https://www.google.com/maps/place/-23.60264085,-46.61622388;https://www.google.com/maps/d/viewer?mid=10HwNRTu34UfYUParmwc_21swb9OrORy8&usp=sharing
DMP/A.LES.26.01039;Rede Compacta;LES;19/06/2026;Liberado para Execução;FI;16290575;356ET160992;19/06/2026 10:00;19/06/2026 14:00;Engelmig (Área 11) NEC e UPS;-23.607595;-46.41339841;https://www.google.com/maps/place/-23.607595,-46.41339841;https://www.google.com/maps/d/viewer?mid=10HwNRTu34UfYUParmwc_21swb9OrORy8&usp=sharing
DAC/A.LES.26.00490;Ligação Nova;LES;19/06/2026;Liberado para Execução;PIE;16323440;356ET162246;19/06/2026 10:00;19/06/2026 14:00;Start Engenharia (Área 8B, 9  e 11) NEC;-23.54307711;-46.43528733;https://www.google.com/maps/place/-23.54307711,-46.43528733;https://www.google.com/maps/d/viewer?mid=10HwNRTu34UfYUParmwc_21swb9OrORy8&usp=sharing
DAC/A.LES.26.00589;Alteração de Carga;LES;19/06/2026;Liberado para Execução;FI;16297965;356ET052594;19/06/2026 10:00;19/06/2026 14:00;Start Engenharia (Área 8B, 9  e 11) NEC;-23.58585202;-46.39603737;https://www.google.com/maps/place/-23.58585202,-46.39603737;https://www.google.com/maps/d/viewer?mid=10HwNRTu34UfYUParmwc_21swb9OrORy8&usp=sharing
DAC/A.LES.26.00385;Alteração de Carga;LES;19/06/2026;Liberado para Execução;FI;16290496;353ET007623;19/06/2026 10:00;19/06/2026 14:00;Start Engenharia (Área 8B, 9  e 11) NEC;-23.52678156;-46.51914953;https://www.google.com/maps/place/-23.52678156,-46.51914953;https://www.google.com/maps/d/viewer?mid=10HwNRTu34UfYUParmwc_21swb9OrORy8&usp=sharing
DMP/A.LES.24.01910;Reforma de Rede Secundaria RTRI;LES;19/06/2026;Liberado para Execução;FI;16290544;353ET006052;19/06/2026 10:00;19/06/2026 14:00;Engelmig (Área 11) NEC e UPS;-23.54486918;-46.52411202;https://www.google.com/maps/place/-23.54486918,-46.52411202;https://www.google.com/maps/d/viewer?mid=10HwNRTu34UfYUParmwc_21swb9OrORy8&usp=sharing
DMP/A.LES.25.02498;Reforma de Rede Secundaria RTRI;LES;19/06/2026;Liberado para Execução;FI;16290248;010ET081182;19/06/2026 10:00;19/06/2026 14:00;Engelmig (Área 11) NEC e UPS;-23.69419658;-46.51067588;https://www.google.com/maps/place/-23.69419658,-46.51067588;https://www.google.com/maps/d/viewer?mid=10HwNRTu34UfYUParmwc_21swb9OrORy8&usp=sharing
DAC/A.NOR.26.00263;Ligação Nova;NOR;19/06/2026;Liberado para Execução;FI;16301918;351BF059253;19/06/2026 10:00;19/06/2026 14:00;Conecta Obras (Área 4 e 5) NEC;-23.48526905;-46.74190124;https://www.google.com/maps/place/-23.48526905,-46.74190124;https://www.google.com/maps/d/viewer?mid=10HwNRTu34UfYUParmwc_21swb9OrORy8&usp=sharing
DAC/A.NOR.26.00285;Ligação Nova;NOR;19/06/2026;Liberado para Execução;FI;16301918;351BF059253;19/06/2026 10:00;19/06/2026 14:00;Conecta Obras (Área 4 e 5) NEC;-23.48526905;-46.74190124;https://www.google.com/maps/place/-23.48526905,-46.74190124;https://www.google.com/maps/d/viewer?mid=10HwNRTu34UfYUParmwc_21swb9OrORy8&usp=sharing
DAC/A.NOR.26.00518;Alteração de Carga;NOR;19/06/2026;Liberado para Execução;FI;16305716;351BF052745;19/06/2026 10:00;19/06/2026 14:00;Conecta Obras (Área 4 e 5) NEC;-23.47723907;-46.5987659;https://www.google.com/maps/place/-23.47723907,-46.5987659;https://www.google.com/maps/d/viewer?mid=10HwNRTu34UfYUParmwc_21swb9OrORy8&usp=sharing
DAC/A.NOR.26.00487;Alteração de Carga;NOR;19/06/2026;Liberado para Execução;FI;16305716;351BF052745;19/06/2026 10:00;19/06/2026 14:00;Conecta Obras (Área 4 e 5) NEC;-23.47723907;-46.5987659;https://www.google.com/maps/place/-23.47723907,-46.5987659;https://www.google.com/maps/d/viewer?mid=10HwNRTu34UfYUParmwc_21swb9OrORy8&usp=sharing
DAC/A.NOR.26.00603;Alteração de Carga;NOR;19/06/2026;Liberado para Execução;FI;16301846;354ET143933;19/06/2026 10:00;19/06/2026 14:00;Conecta Obras (Área 4 e 5) NEC;-23.49677627;-46.61594999;https://www.google.com/maps/place/-23.49677627,-46.61594999;https://www.google.com/maps/d/viewer?mid=10HwNRTu34UfYUParmwc_21swb9OrORy8&usp=sharing
DAC/A.NOR.25.01763;Ligação Nova;NOR;19/06/2026;Liberado para Execução;FI;16301964;ET-002876;19/06/2026 10:00;19/06/2026 14:00;Conecta Obras (Área 4 e 5) NEC;-23.59582252;-46.63679362;https://www.google.com/maps/place/-23.59582252,-46.63679362;https://www.google.com/maps/d/viewer?mid=10HwNRTu34UfYUParmwc_21swb9OrORy8&usp=sharing
DAC/A.NOR.25.01116;Ligação Nova;NOR;19/06/2026;Liberado para Execução;FI;16302012;ET-500279;19/06/2026 10:00;19/06/2026 14:00;Conecta Obras (Área 4 e 5) NEC;-23.43709671;-46.59227877;https://www.google.com/maps/place/-23.43709671,-46.59227877;https://www.google.com/maps/d/viewer?mid=10HwNRTu34UfYUParmwc_21swb9OrORy8&usp=sharing
DAC/A.NOR.24.01511;Ligação Nova;NOR;19/06/2026;Liberado para Execução;FI;16301789;257ET120020;19/06/2026 10:00;19/06/2026 14:00;Conecta Obras (Área 4 e 5) NEC;-23.58295645;-46.63453336;https://www.google.com/maps/place/-23.58295645,-46.63453336;https://www.google.com/maps/d/viewer?mid=10HwNRTu34UfYUParmwc_21swb9OrORy8&usp=sharing
DAC/A.NOR.25.01373;Ligação Nova;NOR;19/06/2026;Liberado para Execução;FI;16321384;251ET014226;19/06/2026 10:00;19/06/2026 14:00;Conecta Obras (Área 4 e 5) NEC;-23.6351372;-46.67449988;https://www.google.com/maps/place/-23.6351372,-46.67449988;https://www.google.com/maps/d/viewer?mid=10HwNRTu34UfYUParmwc_21swb9OrORy8&usp=sharing
DAC/A.NOR.26.00426;Ligação Provisória;NOR;19/06/2026;Liberado para Execução;FI;16301718;151EP000844;19/06/2026 10:00;19/06/2026 14:00;Conecta Obras (Área 4 e 5) NEC;-23.55686164;-46.62842673;https://www.google.com/maps/place/-23.55686164,-46.62842673;https://www.google.com/maps/d/viewer?mid=10HwNRTu34UfYUParmwc_21swb9OrORy8&usp=sharing
DAC/A.NOR.25.01040;Ligação Nova;NOR;19/06/2026;Liberado para Execução;FI;16301581;251ET121759;19/06/2026 10:00;19/06/2026 14:00;Conecta Obras (Área 4 e 5) NEC;-23.62630282;-46.66723832;https://www.google.com/maps/place/-23.62630282,-46.66723832;https://www.google.com/maps/d/viewer?mid=10HwNRTu34UfYUParmwc_21swb9OrORy8&usp=sharing
DAC/A.NOR.25.01104;Alteração de Carga;NOR;19/06/2026;Liberado para Execução;FI;16301581;251ET121759;19/06/2026 10:00;19/06/2026 14:00;Conecta Obras (Área 4 e 5) NEC;-23.62630282;-46.66723832;https://www.google.com/maps/place/-23.62630282,-46.66723832;https://www.google.com/maps/d/viewer?mid=10HwNRTu34UfYUParmwc_21swb9OrORy8&usp=sharing
DAC/A.NOR.25.00236;Ligação Nova;NOR;19/06/2026;Liberado para Execução;BRA;16367062;251ET057775;19/06/2026 08:00;19/06/2026 17:00;Conecta Obras (Área 4 e 5) NEC;-23.61388584;-46.66785359;https://www.google.com/maps/place/-23.61388584,-46.66785359;https://www.google.com/maps/d/viewer?mid=10HwNRTu34UfYUParmwc_21swb9OrORy8&usp=sharing
DAC/A.LES.25.00223;Ligação Nova;LES;19/06/2026;Liberado para Execução;BRA;16367006;352BF007448;19/06/2026 09:00;19/06/2026 16:00;ZZOUT-PSC Alpitel Área 9;-23.49461429;-46.44279582;https://www.google.com/maps/place/-23.49461429,-46.44279582;https://www.google.com/maps/d/viewer?mid=10HwNRTu34UfYUParmwc_21swb9OrORy8&usp=sharing
DMP/A.LES.26.01973;Rede Compacta;LES;19/06/2026;Liberado para Execução;BRA;16356630-1;356ET006533;19/06/2026 09:00;19/06/2026 17:00;Engelmig (Área 11) NEC e UPS;-23.57485986;-46.43005774;https://www.google.com/maps/place/-23.57485986,-46.43005774;https://www.google.com/maps/d/viewer?mid=10HwNRTu34UfYUParmwc_21swb9OrORy8&usp=sharing
DAC/A.LES.25.00878;Remoção de Poste;LES;19/06/2026;Liberado para Execução;BRA;16372397;353ET093191;19/06/2026 10:00;19/06/2026 15:00;Start Engenharia (Área 8B, 9  e 11) NEC;-23.53653254;-46.58568249;https://www.google.com/maps/place/-23.53653254,-46.58568249;https://www.google.com/maps/d/viewer?mid=10HwNRTu34UfYUParmwc_21swb9OrORy8&usp=sharing
DMP/A.LES.25.07670;Reforma de Rede Secundaria RTRI;LES;20/06/2026;Liberado para Execução;FI;16296246;356EP000914;20/06/2026 10:00;20/06/2026 15:00;Start Engenharia (Área 8B, 9  e 11) NEC;-23.53390361;-46.52775277;https://www.google.com/maps/place/-23.53390361,-46.52775277;https://www.google.com/maps/d/viewer?mid=10HwNRTu34UfYUParmwc_21swb9OrORy8&usp=sharing
DAC/A.NOR.25.01755;Alteração de Carga;NOR;20/06/2026;Liberado para Execução;FI;DEVOLVIDO;351ET001280;20/06/2026 10:00;20/06/2026 13:00;Conecta Obras (Área 4 e 5) NEC;-23.47623198;-46.6908768;https://www.google.com/maps/place/-23.47623198,-46.6908768;https://www.google.com/maps/d/viewer?mid=10HwNRTu34UfYUParmwc_21swb9OrORy8&usp=sharing
DMP/A.NOR.25.00780;Religador Automático;NOR;20/06/2026;Liberado para Execução;PIE;16331502;ET-049757;20/06/2026 10:00;20/06/2026 14:00;Conecta Obras (Área 4 e 5) NEC;-23.59871815;-46.68160481;https://www.google.com/maps/place/-23.59871815,-46.68160481;https://www.google.com/maps/d/viewer?mid=10HwNRTu34UfYUParmwc_21swb9OrORy8&usp=sharing
DAC/A.NOR.25.01653;Ligação Nova;NOR;20/06/2026;Liberado para Execução;PIE;16326480;257ET004667;20/06/2026 10:00;20/06/2026 14:00;Conecta Obras (Área 4 e 5) NEC;-23.59819733;-46.61847558;https://www.google.com/maps/place/-23.59819733,-46.61847558;https://www.google.com/maps/d/viewer?mid=10HwNRTu34UfYUParmwc_21swb9OrORy8&usp=sharing
DAC/A.NOR.25.01080;Ligação Provisória;NOR;20/06/2026;Liberado para Execução;PIE;16326480;257ET004667;20/06/2026 10:00;20/06/2026 14:00;Conecta Obras (Área 4 e 5) NEC;-23.59757243;-46.61928171;https://www.google.com/maps/place/-23.59757243,-46.61928171;https://www.google.com/maps/d/viewer?mid=10HwNRTu34UfYUParmwc_21swb9OrORy8&usp=sharing
DAC/A.LES.25.01023;Ligação Nova;LES;20/06/2026;Liberado para Execução;PIE;16326158;010ET220739;20/06/2026 10:00;20/06/2026 14:00;Start Engenharia (Área 8B, 9  e 11) NEC;-23.62178586;-46.5274452;https://www.google.com/maps/place/-23.62178586,-46.5274452;https://www.google.com/maps/d/viewer?mid=10HwNRTu34UfYUParmwc_21swb9OrORy8&usp=sharing
DAC/A.LES.25.00613;Ligação Nova;LES;20/06/2026;Liberado para Execução;PIE;16328459;353ET000516;20/06/2026 10:00;20/06/2026 14:00;Start Engenharia (Área 8B, 9  e 11) NEC;-23.5397409;-46.55310698;https://www.google.com/maps/place/-23.5397409,-46.55310698;https://www.google.com/maps/d/viewer?mid=10HwNRTu34UfYUParmwc_21swb9OrORy8&usp=sharing
DAC/A.NOR.25.00577;Ligação Nova;NOR;20/06/2026;Liberado para Execução;PIE;16328045;257ET046665;20/06/2026 10:00;20/06/2026 14:00;Conecta Obras (Área 4 e 5) NEC;-23.59517226;-46.64936303;https://www.google.com/maps/place/-23.59517226,-46.64936303;https://www.google.com/maps/d/viewer?mid=10HwNRTu34UfYUParmwc_21swb9OrORy8&usp=sharing
DAC/A.NOR.25.01470;Ligação Nova;NOR;20/06/2026;Liberado para Execução;FI;16295954;257EP001744;20/06/2026 10:00;20/06/2026 14:00;Conecta Obras (Área 4 e 5) NEC;-23.57958935;-46.60319514;https://www.google.com/maps/place/-23.57958935,-46.60319514;https://www.google.com/maps/d/viewer?mid=10HwNRTu34UfYUParmwc_21swb9OrORy8&usp=sharing
DAC/A.LES.26.00394;Ligação Nova;LES;20/06/2026;Liberado para Execução;FI;16369087;353ET059437;20/06/2026 10:00;20/06/2026 15:00;Start Engenharia (Área 8B, 9  e 11) NEC;-23.51250282;-46.52875314;https://www.google.com/maps/place/-23.51250282,-46.52875314;https://www.google.com/maps/d/viewer?mid=10HwNRTu34UfYUParmwc_21swb9OrORy8&usp=sharing
DAC/A.LES.26.00371;Ligação Nova;LES;20/06/2026;Liberado para Execução;FI;16369087;353ET059437;20/06/2026 10:00;20/06/2026 14:00;Start Engenharia (Área 8B, 9  e 11) NEC;-23.51250282;-46.52875314;https://www.google.com/maps/place/-23.51250282,-46.52875314;https://www.google.com/maps/d/viewer?mid=10HwNRTu34UfYUParmwc_21swb9OrORy8&usp=sharing
DAC/A.NOR.25.01350;Ligação Provisória;NOR;20/06/2026;Liberado para Execução;BRA;16368589;ET-007525;20/06/2026 09:00;20/06/2026 17:00;Conecta Obras (Área 4 e 5) NEC;-23.6284831;-46.60125439;https://www.google.com/maps/place/-23.6284831,-46.60125439;https://www.google.com/maps/d/viewer?mid=10HwNRTu34UfYUParmwc_21swb9OrORy8&usp=sharing
DAC/A.NOR.25.01677;Ligação Nova;NOR;21/06/2026;Liberado para Execução;PIE;16333255;257IP18J139;21/06/2026 10:00;21/06/2026 13:00;Conecta Obras (Área 4 e 5) NEC;-23.5959032;-46.64506959;https://www.google.com/maps/place/-23.5959032,-46.64506959;https://www.google.com/maps/d/viewer?mid=10HwNRTu34UfYUParmwc_21swb9OrORy8&usp=sharing
DAC/A.NOR.26.00213;Migração para Média Tensão;NOR;21/06/2026;Liberado para Execução;PIE;16338782;ET-000286;21/06/2026 10:00;21/06/2026 14:00;Conecta Obras (Área 4 e 5) NEC;-23.60145616;-46.66004976;https://www.google.com/maps/place/-23.60145616,-46.66004976;https://www.google.com/maps/d/viewer?mid=10HwNRTu34UfYUParmwc_21swb9OrORy8&usp=sharing
DAC/A.NOR.26.00314;Ligação Nova;NOR;21/06/2026;Liberado para Execução;PIE;16332836;257ET002302;21/06/2026 10:00;21/06/2026 14:00;Conecta Obras (Área 4 e 5) NEC;-23.6058875;-46.61362125;https://www.google.com/maps/place/-23.6058875,-46.61362125;https://www.google.com/maps/d/viewer?mid=10HwNRTu34UfYUParmwc_21swb9OrORy8&usp=sharing
DAC/A.LES.25.01112;Remoção de Poste;LES;21/06/2026;Liberado para Execução;FI;16295218;353ET037967;21/06/2026 10:00;21/06/2026 14:00;Conecta Obras Extras (Área 8B, 9 e 11) NEC;-23.5661554;-46.51198405;https://www.google.com/maps/place/-23.5661554,-46.51198405;https://www.google.com/maps/d/viewer?mid=10HwNRTu34UfYUParmwc_21swb9OrORy8&usp=sharing
DAC/A.NOR.25.01668;Remoção de Poste;NOR;21/06/2026;Liberado para Execução;FI;16290654;251ET037147;21/06/2026 10:00;21/06/2026 14:00;Conecta Obras (Área 4 e 5) NEC;-23.58927532;-46.67848779;https://www.google.com/maps/place/-23.58927532,-46.67848779;https://www.google.com/maps/d/viewer?mid=10HwNRTu34UfYUParmwc_21swb9OrORy8&usp=sharing
DAC/A.NOR.26.00141;Ligação Nova;NOR;21/06/2026;Liberado para Execução;PIE;CANCELADO;354ET006211;21/06/2026 01:30;21/06/2026 04:00;Conecta Obras (Área 4 e 5) NEC;-23.49244696;-46.61865946;https://www.google.com/maps/place/-23.49244696,-46.61865946;https://www.google.com/maps/d/viewer?mid=10HwNRTu34UfYUParmwc_21swb9OrORy8&usp=sharing
DAC/A.NOR.26.00144;Ligação Nova;NOR;21/06/2026;Liberado para Execução;PIE;CANCELADO;354CF007566;21/06/2026 01:30;21/06/2026 04:00;Conecta Obras (Área 4 e 5) NEC;-23.49244696;-46.61865946;https://www.google.com/maps/place/-23.49244696,-46.61865946;https://www.google.com/maps/d/viewer?mid=10HwNRTu34UfYUParmwc_21swb9OrORy8&usp=sharing
DAC/A.NOR.26.00138;Ligação Nova;NOR;21/06/2026;Liberado para Execução;PIE;CANCELADO;354ET094148;21/06/2026 01:30;21/06/2026 04:00;Conecta Obras (Área 4 e 5) NEC;-23.49244696;-46.61865946;https://www.google.com/maps/place/-23.49244696,-46.61865946;https://www.google.com/maps/d/viewer?mid=10HwNRTu34UfYUParmwc_21swb9OrORy8&usp=sharing
DAC/A.NOR.26.00138;Ligação Nova;NOR;21/06/2026;Liberado para Documentação;BRA;Devolvido;354CF050918;21/06/2026 09:00;21/06/2026 17:00;Conecta Obras (Área 4 e 5) NEC;-23.49244696;-46.61865946;https://www.google.com/maps/place/-23.49244696,-46.61865946;https://www.google.com/maps/d/viewer?mid=10HwNRTu34UfYUParmwc_21swb9OrORy8&usp=sharing
DAC/A.NOR.26.00161;Ligação Nova;NOR;21/06/2026;Liberado para Execução;FI;CANCELADO;354ET094148;21/06/2026 09:00;21/06/2026 17:00;Conecta Obras (Área 4 e 5) NEC;-23.49244696;-46.61865946;https://www.google.com/maps/place/-23.49244696,-46.61865946;https://www.google.com/maps/d/viewer?mid=10HwNRTu34UfYUParmwc_21swb9OrORy8&usp=sharing
DAC/A.NOR.26.00144;Ligação Nova;NOR;21/06/2026;Liberado para Execução;FI;CANCELADO;354ET037328;21/06/2026 09:00;21/06/2026 17:00;Conecta Obras (Área 4 e 5) NEC;-23.49244696;-46.61865946;https://www.google.com/maps/place/-23.49244696,-46.61865946;https://www.google.com/maps/d/viewer?mid=10HwNRTu34UfYUParmwc_21swb9OrORy8&usp=sharing
DAC/A.NOR.26.00142;Ligação Nova;NOR;21/06/2026;Liberado para Execução;OLVR;;354ET091403;21/06/2026 09:00;21/06/2026 17:00;Conecta Obras (Área 4 e 5) NEC;-23.49244696;-46.61865946;https://www.google.com/maps/place/-23.49244696,-46.61865946;https://www.google.com/maps/d/viewer?mid=10HwNRTu34UfYUParmwc_21swb9OrORy8&usp=sharing
DAC/A.NOR.26.00140;Ligação Nova;NOR;21/06/2026;Liberado para Execução;OLVR;;354ET140612;21/06/2026 09:00;21/06/2026 17:00;Conecta Obras (Área 4 e 5) NEC;-23.49244696;-46.61865946;https://www.google.com/maps/place/-23.49244696,-46.61865946;https://www.google.com/maps/d/viewer?mid=10HwNRTu34UfYUParmwc_21swb9OrORy8&usp=sharing
DAC/A.NOR.26.00162;Ligação Nova;NOR;21/06/2026;Liberado para Execução;OLVR;;354CF050918;21/06/2026 09:00;21/06/2026 17:00;Conecta Obras (Área 4 e 5) NEC;-23.49244696;-46.61865946;https://www.google.com/maps/place/-23.49244696,-46.61865946;https://www.google.com/maps/d/viewer?mid=10HwNRTu34UfYUParmwc_21swb9OrORy8&usp=sharing
DAC/A.NOR.26.00143;Ligação Nova;NOR;21/06/2026;Liberado para Execução;OLVR;;354ET133603;21/06/2026 09:00;21/06/2026 17:00;Conecta Obras (Área 4 e 5) NEC;-23.49244696;-46.61865946;https://www.google.com/maps/place/-23.49244696,-46.61865946;https://www.google.com/maps/d/viewer?mid=10HwNRTu34UfYUParmwc_21swb9OrORy8&usp=sharing
DAC/A.NOR.26.00340;Ligação Nova;NOR;21/06/2026;Liberado para Execução;FI;16295454;354ET500676;21/06/2026 10:00;21/06/2026 14:00;Conecta Obras (Área 4 e 5) NEC;-23.48247649;-46.61203733;https://www.google.com/maps/place/-23.48247649,-46.61203733;https://www.google.com/maps/d/viewer?mid=10HwNRTu34UfYUParmwc_21swb9OrORy8&usp=sharing
DAC/A.NOR.23.00781;Afastamento de Rede (Clientes);NOR;21/06/2026;Liberado para Execução;BRA;16368731;351CF009133;21/06/2026 08:00;21/06/2026 17:00;Conecta Obras Extras (Área 4 e 5) NEC;0;0;https://www.google.com/maps/place/0,0;https://www.google.com/maps/d/viewer?mid=10HwNRTu34UfYUParmwc_21swb9OrORy8&usp=sharing
DAC/A.NOR.25.00075;Ligação Nova;NOR;21/06/2026;Liberado para Execução;BRA;16368758;351ET132907;21/06/2026 09:00;21/06/2026 17:00;Conecta Obras (Área 4 e 5) NEC;-23.49382529;-46.69348098;https://www.google.com/maps/place/-23.49382529,-46.69348098;https://www.google.com/maps/d/viewer?mid=10HwNRTu34UfYUParmwc_21swb9OrORy8&usp=sharing
DAC/A.NOR.24.00282;Afastamento de Rede (Clientes);NOR;21/06/2026;Liberado para Execução;PIE;16367555;251ET077935;21/06/2026 10:00;21/06/2026 14:00;Conecta Obras Extras (Área 4 e 5) NEC;-23.63015977;-46.66574142;https://www.google.com/maps/place/-23.63015977,-46.66574142;https://www.google.com/maps/d/viewer?mid=10HwNRTu34UfYUParmwc_21swb9OrORy8&usp=sharing
DAC/A.NOR.26.00509;Ligação Provisória;NOR;21/06/2026;Pendente de Aprovação;OLVR;;354ET043821;21/06/2026 08:00;21/06/2026 17:00;Conecta Obras (Área 4 e 5) NEC;-23.48843119;-46.6241651;https://www.google.com/maps/place/-23.48843119,-46.6241651;https://www.google.com/maps/d/viewer?mid=10HwNRTu34UfYUParmwc_21swb9OrORy8&usp=sharing
DAC/A.NOR.26.00510;Ligação Provisória;NOR;21/06/2026;Pendente de Aprovação;OLVR;;354ET043821;21/06/2026 08:00;21/06/2026 17:00;Conecta Obras (Área 4 e 5) NEC;-23.48843119;-46.6241651;https://www.google.com/maps/place/-23.48843119,-46.6241651;https://www.google.com/maps/d/viewer?mid=10HwNRTu34UfYUParmwc_21swb9OrORy8&usp=sharing
DAC/A.LES.26.00396;Ligação Nova;LES;22/06/2026;Rascunho;PIE;;CF-155555;22/06/2026 10:00;22/06/2026 14:00;Start Engenharia (Área 8B, 9  e 11) NEC;-23.49380021;-46.50708467;https://www.google.com/maps/place/-23.49380021,-46.50708467;https://www.google.com/maps/d/viewer?mid=10HwNRTu34UfYUParmwc_21swb9OrORy8&usp=sharing
DMP/A.LES.25.07406;Reforma de Rede Secundaria RTRI;LES;22/06/2026;Liberado para Execução;FI;16302645;352ET047074;22/06/2026 10:00;22/06/2026 14:00;Start Engenharia (Área 8B, 9  e 11) NEC;-23.51214362;-46.42869403;https://www.google.com/maps/place/-23.51214362,-46.42869403;https://www.google.com/maps/d/viewer?mid=10HwNRTu34UfYUParmwc_21swb9OrORy8&usp=sharing
DMP/A.LES.25.07275;Reforma de Rede Secundaria RTRI;LES;22/06/2026;Liberado para Execução;FI;16302645;352ET047074;22/06/2026 10:00;22/06/2026 14:00;Start Engenharia (Área 8B, 9  e 11) NEC;-23.51214362;-46.42869403;https://www.google.com/maps/place/-23.51214362,-46.42869403;https://www.google.com/maps/d/viewer?mid=10HwNRTu34UfYUParmwc_21swb9OrORy8&usp=sharing
DAC/A.LES.25.00923;Migração para Média Tensão;LES;22/06/2026;Liberado para Execução;BRA;16367912;352ET005860;22/06/2026 09:00;22/06/2026 17:00;Start Engenharia (Área 8B, 9  e 11) NEC;-23.50177441;-46.442595;https://www.google.com/maps/place/-23.50177441,-46.442595;https://www.google.com/maps/d/viewer?mid=10HwNRTu34UfYUParmwc_21swb9OrORy8&usp=sharing
DMP/A.LES.25.04887;Reforma de Rede Secundaria RTRI;LES;22/06/2026;Liberado para Execução;FI;16296826;356ET005108;22/06/2026 10:00;22/06/2026 14:00;Engelmig (Área 11) NEC e UPS;-23.52573863;-46.45561788;https://www.google.com/maps/place/-23.52573863,-46.45561788;https://www.google.com/maps/d/viewer?mid=10HwNRTu34UfYUParmwc_21swb9OrORy8&usp=sharing
DMP/A.LES.22.05531;Reforma de Rede Secundária;LES;22/06/2026;Liberado para Execução;OLVR;;352ET092929;22/06/2026 09:00;22/06/2026 16:00;Engelmig (Área 11) NEC e UPS;-23.49260442;-46.4772245;https://www.google.com/maps/place/-23.49260442,-46.4772245;https://www.google.com/maps/d/viewer?mid=10HwNRTu34UfYUParmwc_21swb9OrORy8&usp=sharing
DAC/A.LES.26.00773;Ligação Nova;LES;22/06/2026;Liberado para Execução;FI;16296777;353ET018334;22/06/2026 10:00;22/06/2026 14:00;Start Engenharia (Área 8B, 9  e 11) NEC;-23.52921428;-46.53002255;https://www.google.com/maps/place/-23.52921428,-46.53002255;https://www.google.com/maps/d/viewer?mid=10HwNRTu34UfYUParmwc_21swb9OrORy8&usp=sharing
DAC/A.LES.26.00757;Ligação Nova;LES;22/06/2026;Liberado para Execução;BRA;16368078;353ET003029;22/06/2026 13:30;22/06/2026 16:30;Start Engenharia (Área 8B, 9  e 11) NEC;-23.52921428;-46.53002255;https://www.google.com/maps/place/-23.52921428,-46.53002255;https://www.google.com/maps/d/viewer?mid=10HwNRTu34UfYUParmwc_21swb9OrORy8&usp=sharing
DMP/A.LES.25.00986;Rede Compacta;LES;22/06/2026;Liberado para Execução;BRA;16369252;015ET060858;22/06/2026 09:00;22/06/2026 13:00;Start Engenharia (Área 8B, 9  e 11) NEC;-23.66067245;-46.46875494;https://www.google.com/maps/place/-23.66067245,-46.46875494;https://www.google.com/maps/d/viewer?mid=10HwNRTu34UfYUParmwc_21swb9OrORy8&usp=sharing
DMP/A.LES.25.00990;Rede Compacta;LES;22/06/2026;Liberado para Execução;BRA;16369369;015ET023886;22/06/2026 13:00;22/06/2026 16:00;Start Engenharia (Área 8B, 9  e 11) NEC;-23.66067245;-46.46875494;https://www.google.com/maps/place/-23.66067245,-46.46875494;https://www.google.com/maps/d/viewer?mid=10HwNRTu34UfYUParmwc_21swb9OrORy8&usp=sharing
DMP/A.LES.21.27293;Rede Compacta;LES;22/06/2026;Liberado para Execução;FI;16321367;356ET167006;22/06/2026 10:00;22/06/2026 14:00;Engelmig (Área 11) NEC e UPS;-23.61155764;-46.43593903;https://www.google.com/maps/place/-23.61155764,-46.43593903;https://www.google.com/maps/d/viewer?mid=10HwNRTu34UfYUParmwc_21swb9OrORy8&usp=sharing
DMP/A.LES.26.01073;Rede Compacta;LES;22/06/2026;Liberado para Execução;BRA;16357065-1;356ET160965;22/06/2026 09:00;22/06/2026 17:00;Engelmig (Área 11) NEC e UPS;-23.59445801;-46.41924494;https://www.google.com/maps/place/-23.59445801,-46.41924494;https://www.google.com/maps/d/viewer?mid=10HwNRTu34UfYUParmwc_21swb9OrORy8&usp=sharing
DMP/A.LES.26.03077;Rede Compacta;LES;22/06/2026;Pendente de Aprovação;BRA;;356ET160214;22/06/2026 09:00;22/06/2026 17:00;Engelmig (Área 11) NEC e UPS;-23.5891087;-46.42401704;https://www.google.com/maps/place/-23.5891087,-46.42401704;https://www.google.com/maps/d/viewer?mid=10HwNRTu34UfYUParmwc_21swb9OrORy8&usp=sharing
DMP/A.LES.25.07884;Reforma de Rede Secundaria RTRI;LES;23/06/2026;Liberado para Execução;FI;16296555;352ET160802;23/06/2026 10:00;23/06/2026 15:00;Start Engenharia (Área 8B, 9  e 11) NEC;-23.5299739;-46.4690925;https://www.google.com/maps/place/-23.5299739,-46.4690925;https://www.google.com/maps/d/viewer?mid=10HwNRTu34UfYUParmwc_21swb9OrORy8&usp=sharing
DAC/A.LES.25.01169;Ligação Nova;LES;23/06/2026;Liberado para Execução;PIE;16340434;CF-008299;23/06/2026 00:30;23/06/2026 04:30;Start Engenharia (Área 8B, 9  e 11) NEC;-23.53371294;-46.58393724;https://www.google.com/maps/place/-23.53371294,-46.58393724;https://www.google.com/maps/d/viewer?mid=10HwNRTu34UfYUParmwc_21swb9OrORy8&usp=sharing
DAC/A.NOR.25.01654;Ligação Nova;NOR;23/06/2026;Liberado para Execução;PIE;16339465;251ET076076;23/06/2026 10:00;23/06/2026 14:00;Conecta Obras (Área 4 e 5) NEC;-23.6175927;-46.64098997;https://www.google.com/maps/place/-23.6175927,-46.64098997;https://www.google.com/maps/d/viewer?mid=10HwNRTu34UfYUParmwc_21swb9OrORy8&usp=sharing
DMP/A.NOR.25.01321;Substituição de Transformadores PCB;NOR;23/06/2026;Liberado para Execução;PIE;16338799;151ET081573;23/06/2026 10:00;23/06/2026 14:00;Conecta Obras (Área 4 e 5) NEC;0;0;https://www.google.com/maps/place/0,0;https://www.google.com/maps/d/viewer?mid=10HwNRTu34UfYUParmwc_21swb9OrORy8&usp=sharing
DAC/A.NOR.25.01320;Ligação Nova;NOR;23/06/2026;Liberado para Execução;PIE;16339979;251ET018463;23/06/2026 10:00;23/06/2026 14:00;Conecta Obras (Área 4 e 5) NEC;-23.60909915;-46.66847545;https://www.google.com/maps/place/-23.60909915,-46.66847545;https://www.google.com/maps/d/viewer?mid=10HwNRTu34UfYUParmwc_21swb9OrORy8&usp=sharing
DMP/A.LES.26.01055;Rede Compacta;LES;23/06/2026;Liberado para Execução;FI;16297127;356ET160964;23/06/2026 10:00;23/06/2026 14:00;Engelmig (Área 11) NEC e UPS;-23.59445801;-46.41924494;https://www.google.com/maps/place/-23.59445801,-46.41924494;https://www.google.com/maps/d/viewer?mid=10HwNRTu34UfYUParmwc_21swb9OrORy8&usp=sharing
DMP/A.LES.26.01061;Rede Compacta;LES;23/06/2026;Liberado para Execução;FI;16297127;356ET160964;23/06/2026 10:00;23/06/2026 14:00;Engelmig (Área 11) NEC e UPS;-23.59445801;-46.41924494;https://www.google.com/maps/place/-23.59445801,-46.41924494;https://www.google.com/maps/d/viewer?mid=10HwNRTu34UfYUParmwc_21swb9OrORy8&usp=sharing
DAC/A.NOR.26.00099;Alteração de Carga;NOR;23/06/2026;Liberado para Execução;FI;16323217;EP-029271;23/06/2026 10:00;23/06/2026 14:00;Conecta Obras (Área 4 e 5) NEC;-23.58908329;-46.67766476;https://www.google.com/maps/place/-23.58908329,-46.67766476;https://www.google.com/maps/d/viewer?mid=10HwNRTu34UfYUParmwc_21swb9OrORy8&usp=sharing
DAC/A.NOR.26.00485;Ligação Provisória;NOR;23/06/2026;Liberado para Execução;FI;16304532;257ET019580;23/06/2026 10:00;23/06/2026 14:00;Conecta Obras (Área 4 e 5) NEC;-23.62809824;-46.60790471;https://www.google.com/maps/place/-23.62809824,-46.60790471;https://www.google.com/maps/d/viewer?mid=10HwNRTu34UfYUParmwc_21swb9OrORy8&usp=sharing
DAC/A.NOR.25.01011;Ligação Nova;NOR;23/06/2026;Liberado para Execução;FI;16322188;257ET032895;23/06/2026 10:00;23/06/2026 14:00;Conecta Obras (Área 4 e 5) NEC;-23.59686287;-46.64483659;https://www.google.com/maps/place/-23.59686287,-46.64483659;https://www.google.com/maps/d/viewer?mid=10HwNRTu34UfYUParmwc_21swb9OrORy8&usp=sharing
DAC/A.NOR.25.01140;Ligação Nova;NOR;23/06/2026;Liberado para Execução;FI;16304633;152BF020360;23/06/2026 10:00;23/06/2026 11:30;Conecta Obras (Área 4 e 5) NEC;-23.52185096;-46.67011032;https://www.google.com/maps/place/-23.52185096,-46.67011032;https://www.google.com/maps/d/viewer?mid=10HwNRTu34UfYUParmwc_21swb9OrORy8&usp=sharing
DAC/A.NOR.25.01172;Ligação Nova;NOR;23/06/2026;Liberado para Execução;FI;16304198;257ET012461;23/06/2026 10:00;23/06/2026 12:30;Conecta Obras (Área 4 e 5) NEC;-23.60489641;-46.64702603;https://www.google.com/maps/place/-23.60489641,-46.64702603;https://www.google.com/maps/d/viewer?mid=10HwNRTu34UfYUParmwc_21swb9OrORy8&usp=sharing
DAC/A.NOR.26.00048;Ligação Nova;NOR;23/06/2026;Liberado para Execução;FI;16304710;251ET096367;23/06/2026 10:00;23/06/2026 14:00;Conecta Obras (Área 4 e 5) NEC;-23.66457256;-46.63430054;https://www.google.com/maps/place/-23.66457256,-46.63430054;https://www.google.com/maps/d/viewer?mid=10HwNRTu34UfYUParmwc_21swb9OrORy8&usp=sharing
DAC/A.NOR.25.01160;Ligação Nova;NOR;23/06/2026;Liberado para Execução;BRA;16372374;251ET059127;23/06/2026 08:00;23/06/2026 17:00;Conecta Obras (Área 4 e 5) NEC;-23.60920335;-46.66834202;https://www.google.com/maps/place/-23.60920335,-46.66834202;https://www.google.com/maps/d/viewer?mid=10HwNRTu34UfYUParmwc_21swb9OrORy8&usp=sharing
DMP/A.LES.25.01131;Rede Compacta;LES;23/06/2026;Liberado para Execução;FI;RESOLVIDO;010ET053870;23/06/2026 10:00;23/06/2026 12:00;Start Engenharia (Área 8B, 9  e 11) NEC;-23.65079679;-46.55704101;https://www.google.com/maps/place/-23.65079679,-46.55704101;https://www.google.com/maps/d/viewer?mid=10HwNRTu34UfYUParmwc_21swb9OrORy8&usp=sharing
DAC/A.NOR.25.01663;Migração para Média Tensão;NOR;23/06/2026;Liberado para Execução;BRA;16372551;253RA060267;23/06/2026 08:00;23/06/2026 17:00;Conecta Obras (Área 4 e 5) NEC;-23.53710587;-46.66776191;https://www.google.com/maps/place/-23.53710587,-46.66776191;https://www.google.com/maps/d/viewer?mid=10HwNRTu34UfYUParmwc_21swb9OrORy8&usp=sharing
DAC/A.LES.24.00535;Afastamento de Rede (Clientes);LES;23/06/2026;Liberado para Execução;BRA;16372702;356IP27J065;23/06/2026 09:00;23/06/2026 16:00;Alpitel Energy (Área 7, 8A e 10) NEC;-23.5982403;-46.46307081;https://www.google.com/maps/place/-23.5982403,-46.46307081;https://www.google.com/maps/d/viewer?mid=10HwNRTu34UfYUParmwc_21swb9OrORy8&usp=sharing
DAC/A.LES.24.00614;Afastamento de Rede (Clientes);LES;23/06/2026;Liberado para Execução;BRA;16372702;356ET029459;23/06/2026 09:00;23/06/2026 16:00;Alpitel Energy (Área 7, 8A e 10) NEC;-23.5982403;-46.46307081;https://www.google.com/maps/place/-23.5982403,-46.46307081;https://www.google.com/maps/d/viewer?mid=10HwNRTu34UfYUParmwc_21swb9OrORy8&usp=sharing
DAC/A.NOR.26.00226;Ligação Provisória;NOR;23/06/2026;Liberado para Execução;BRA;16372388;251EP007509;23/06/2026 09:00;23/06/2026 17:00;Conecta Obras (Área 4 e 5) NEC;-23.63587784;-46.65477446;https://www.google.com/maps/place/-23.63587784,-46.65477446;https://www.google.com/maps/d/viewer?mid=10HwNRTu34UfYUParmwc_21swb9OrORy8&usp=sharing
DMP/A.LES.26.01052;Rede Compacta;LES;23/06/2026;Liberado para Execução;BRA;RESOLVIDO;356BF054592;23/06/2026 09:00;23/06/2026 17:00;Engelmig (Área 11) NEC e UPS;-23.59445801;-46.41924494;https://www.google.com/maps/place/-23.59445801,-46.41924494;https://www.google.com/maps/d/viewer?mid=10HwNRTu34UfYUParmwc_21swb9OrORy8&usp=sharing
DMP/A.LES.26.01053;Rede Compacta;LES;23/06/2026;Liberado para Execução;BRA;RESOLVIDO;356BF054592;23/06/2026 09:00;23/06/2026 17:00;Engelmig (Área 11) NEC e UPS;-23.59445801;-46.41924494;https://www.google.com/maps/place/-23.59445801,-46.41924494;https://www.google.com/maps/d/viewer?mid=10HwNRTu34UfYUParmwc_21swb9OrORy8&usp=sharing
DAC/A.LES.26.00365;Alteração de Carga;LES;24/06/2026;Liberado para Execução;FI;16297551;ET-013035;24/06/2026 10:00;24/06/2026 14:00;Start Engenharia (Área 8B, 9  e 11) NEC;-23.63205353;-46.49322086;https://www.google.com/maps/place/-23.63205353,-46.49322086;https://www.google.com/maps/d/viewer?mid=10HwNRTu34UfYUParmwc_21swb9OrORy8&usp=sharing
DMP/A.LES.26.03084;Segurança Operativa;LES;24/06/2026;Liberado para Execução;PIE;CANCELADO;353ET075632;24/06/2026 00:30;24/06/2026 04:30;Start Engenharia (Área 8B, 9  e 11) NEC;-23.51965553;-46.5481528;https://www.google.com/maps/place/-23.51965553,-46.5481528;https://www.google.com/maps/d/viewer?mid=10HwNRTu34UfYUParmwc_21swb9OrORy8&usp=sharing
DAC/A.LES.26.00199;Ligação Nova;LES;24/06/2026;Liberado para Execução;FI;16297497;353ET065828;24/06/2026 10:00;24/06/2026 14:00;Start Engenharia (Área 8B, 9  e 11) NEC;-23.56154745;-46.5081231;https://www.google.com/maps/place/-23.56154745,-46.5081231;https://www.google.com/maps/d/viewer?mid=10HwNRTu34UfYUParmwc_21swb9OrORy8&usp=sharing
DAC/A.LES.25.00325;Alteração de Carga;LES;24/06/2026;Liberado para Execução;FI;16296849;352ET031773;24/06/2026 10:00;24/06/2026 14:00;Start Engenharia (Área 8B, 9  e 11) NEC;-23.50369018;-46.40792096;https://www.google.com/maps/place/-23.50369018,-46.40792096;https://www.google.com/maps/d/viewer?mid=10HwNRTu34UfYUParmwc_21swb9OrORy8&usp=sharing
DMP/A.LES.26.01973;Rede Compacta;LES;24/06/2026;Liberado para Execução;FI;16297265;356BF054227;24/06/2026 10:00;24/06/2026 14:00;Engelmig (Área 11) NEC e UPS;-23.57485986;-46.43005774;https://www.google.com/maps/place/-23.57485986,-46.43005774;https://www.google.com/maps/d/viewer?mid=10HwNRTu34UfYUParmwc_21swb9OrORy8&usp=sharing
DAC/A.NOR.26.00325;Ligação Nova;NOR;24/06/2026;Liberado para Execução;FI;16326675;251ET131357;24/06/2026 10:00;24/06/2026 14:00;Conecta Obras (Área 4 e 5) NEC;-23.6258442;-46.67071973;https://www.google.com/maps/place/-23.6258442,-46.67071973;https://www.google.com/maps/d/viewer?mid=10HwNRTu34UfYUParmwc_21swb9OrORy8&usp=sharing
DAC/A.NOR.26.00296;Remoção de Poste;NOR;24/06/2026;Liberado para Execução;FI;16326675;251ET131357;24/06/2026 10:00;24/06/2026 14:00;Conecta Obras (Área 4 e 5) NEC;-23.62597188;-46.6705859;https://www.google.com/maps/place/-23.62597188,-46.6705859;https://www.google.com/maps/d/viewer?mid=10HwNRTu34UfYUParmwc_21swb9OrORy8&usp=sharing
DAC/A.NOR.26.00501;Ligação Nova;NOR;24/06/2026;Liberado para Execução;FI;16321871;351ET005328;24/06/2026 10:00;24/06/2026 14:00;Conecta Obras (Área 4 e 5) NEC;-23.46937685;-46.74820019;https://www.google.com/maps/place/-23.46937685,-46.74820019;https://www.google.com/maps/d/viewer?mid=10HwNRTu34UfYUParmwc_21swb9OrORy8&usp=sharing
DAC/A.NOR.25.01440;Regularização de Ligações Informais;NOR;24/06/2026;Liberado para Execução;FI;16321993;354BF052658;24/06/2026 10:00;24/06/2026 14:00;Conecta Obras (Área 4 e 5) NEC;-23.50602217;-46.56152671;https://www.google.com/maps/place/-23.50602217,-46.56152671;https://www.google.com/maps/d/viewer?mid=10HwNRTu34UfYUParmwc_21swb9OrORy8&usp=sharing
DAC/A.NOR.26.00139;Regularização de Ligações Informais;NOR;24/06/2026;Liberado para Execução;FI;16321993;354BF052658;24/06/2026 10:00;24/06/2026 14:00;Conecta Obras (Área 4 e 5) NEC;-23.50602217;-46.56152671;https://www.google.com/maps/place/-23.50602217,-46.56152671;https://www.google.com/maps/d/viewer?mid=10HwNRTu34UfYUParmwc_21swb9OrORy8&usp=sharing
DAC/A.NOR.26.00115;Regularização de Ligações Informais;NOR;24/06/2026;Liberado para Execução;FI;16321993;354BF052658;24/06/2026 10:00;24/06/2026 14:00;Conecta Obras (Área 4 e 5) NEC;-23.50602217;-46.56152671;https://www.google.com/maps/place/-23.50602217,-46.56152671;https://www.google.com/maps/d/viewer?mid=10HwNRTu34UfYUParmwc_21swb9OrORy8&usp=sharing
DAC/A.NOR.25.01158;Regularização de Ligações Informais;NOR;24/06/2026;Liberado para Execução;FI;16321993;354BF052658;24/06/2026 10:00;24/06/2026 14:00;Conecta Obras (Área 4 e 5) NEC;-23.50602217;-46.56152671;https://www.google.com/maps/place/-23.50602217,-46.56152671;https://www.google.com/maps/d/viewer?mid=10HwNRTu34UfYUParmwc_21swb9OrORy8&usp=sharing
DAC/A.LES.26.00771;Ligação Nova;LES;24/06/2026;Liberado para Execução;FI;16322004;352ET037901;24/06/2026 10:00;24/06/2026 14:00;Start Engenharia (Área 8B, 9  e 11) NEC;-23.53791678;-46.48286426;https://www.google.com/maps/place/-23.53791678,-46.48286426;https://www.google.com/maps/d/viewer?mid=10HwNRTu34UfYUParmwc_21swb9OrORy8&usp=sharing
DAC/A.NOR.26.00130;Alteração de Carga;NOR;24/06/2026;Liberado para Execução;FI;16321734;251ET042623;24/06/2026 10:00;24/06/2026 14:00;Conecta Obras (Área 4 e 5) NEC;-23.57368065;-46.67443711;https://www.google.com/maps/place/-23.57368065,-46.67443711;https://www.google.com/maps/d/viewer?mid=10HwNRTu34UfYUParmwc_21swb9OrORy8&usp=sharing
DAC/A.LES.26.00835;Alteração de Carga;LES;24/06/2026;Liberado para Execução;FI;16338748;355ET010421;24/06/2026 10:30;24/06/2026 14:30;Alpitel Energy (Área 7, 8A e 10) NEC;-23.58906678;-46.54577624;https://www.google.com/maps/place/-23.58906678,-46.54577624;https://www.google.com/maps/d/viewer?mid=10HwNRTu34UfYUParmwc_21swb9OrORy8&usp=sharing
DAC/A.LES.25.00943;Alteração de Carga;LES;24/06/2026;Liberado para Execução;FI;16338568;015ET004710;24/06/2026 10:00;24/06/2026 12:00;Start Engenharia (Área 8B, 9  e 11) NEC;-23.66586993;-46.44798581;https://www.google.com/maps/place/-23.66586993,-46.44798581;https://www.google.com/maps/d/viewer?mid=10HwNRTu34UfYUParmwc_21swb9OrORy8&usp=sharing
DAC/A.LES.25.01142;Ligação Nova;LES;24/06/2026;Liberado para Execução;FI;16356035;356ET163133;24/06/2026 13:30;24/06/2026 16:30;Start Engenharia (Área 8B, 9  e 11) NEC;-23.5310404;-46.4401137;https://www.google.com/maps/place/-23.5310404,-46.4401137;https://www.google.com/maps/d/viewer?mid=10HwNRTu34UfYUParmwc_21swb9OrORy8&usp=sharing
DAC/A.LES.25.01120;Ligação Provisória;LES;24/06/2026;Liberado para Execução;FI;16358592;353ET003795;24/06/2026 10:00;24/06/2026 14:00;Start Engenharia (Área 8B, 9  e 11) NEC;-23.54351633;-46.54216743;https://www.google.com/maps/place/-23.54351633,-46.54216743;https://www.google.com/maps/d/viewer?mid=10HwNRTu34UfYUParmwc_21swb9OrORy8&usp=sharing
DMP/A.LES.26.02760;Religador Automático;LES;24/06/2026;Liberado para Execução;BRA;16372298;3249192;24/06/2026 09:00;24/06/2026 16:00;Alpitel Energy (Área 7, 8A e 10) NEC;-23.56986801;-46.41570994;https://www.google.com/maps/place/-23.56986801,-46.41570994;https://www.google.com/maps/d/viewer?mid=10HwNRTu34UfYUParmwc_21swb9OrORy8&usp=sharing
DAC/A.NOR.26.00455;Alteração de Carga;NOR;24/06/2026;Liberado para Execução;BRA;16372653;152ET025080;24/06/2026 09:00;24/06/2026 17:00;Conecta Obras (Área 4 e 5) NEC;-23.52806718;-46.65796634;https://www.google.com/maps/place/-23.52806718,-46.65796634;https://www.google.com/maps/d/viewer?mid=10HwNRTu34UfYUParmwc_21swb9OrORy8&usp=sharing
DMP/A.LES.26.01090;Rede Compacta;LES;24/06/2026;Liberado para Execução;BRA;DEVOLVIDO;356ET167480;24/06/2026 09:00;24/06/2026 17:00;Engelmig (Área 11) NEC e UPS;-23.59445801;-46.41924494;https://www.google.com/maps/place/-23.59445801,-46.41924494;https://www.google.com/maps/d/viewer?mid=10HwNRTu34UfYUParmwc_21swb9OrORy8&usp=sharing
DMP/A.LES.26.01968;Rede Compacta;LES;24/06/2026;Liberado para Execução;BRA;DEVOLVIDO;356ET160536;24/06/2026 09:00;24/06/2026 17:00;Engelmig (Área 11) NEC e UPS;-23.58502445;-46.41265681;https://www.google.com/maps/place/-23.58502445,-46.41265681;https://www.google.com/maps/d/viewer?mid=10HwNRTu34UfYUParmwc_21swb9OrORy8&usp=sharing
DAC/A.LES.26.00491;Ligação Nova;LES;24/06/2026;Liberado para Execução;OLVR;;352ET006101;24/06/2026 09:00;24/06/2026 16:00;Start Engenharia (Área 8B, 9  e 11) NEC;-23.50593063;-46.47611133;https://www.google.com/maps/place/-23.50593063,-46.47611133;https://www.google.com/maps/d/viewer?mid=10HwNRTu34UfYUParmwc_21swb9OrORy8&usp=sharing
DMP/A.LES.21.28492;Religador Automático;LES;24/06/2026;Pendente de Aprovação;BRA;;356ET053255;24/06/2026 09:00;24/06/2026 16:00;Alpitel Energy (Área 7, 8A e 10) NEC;-23.57438186;-46.41300899;https://www.google.com/maps/place/-23.57438186,-46.41300899;https://www.google.com/maps/d/viewer?mid=10HwNRTu34UfYUParmwc_21swb9OrORy8&usp=sharing
DAC/A.NOR.25.01571;Remoção de Posto Primário;NOR;25/06/2026;Liberado para Execução;PIE;16358511;257ET028811;25/06/2026 10:00;25/06/2026 14:00;Conecta Obras (Área 4 e 5) NEC;-23.58807744;-46.64009068;https://www.google.com/maps/place/-23.58807744,-46.64009068;https://www.google.com/maps/d/viewer?mid=10HwNRTu34UfYUParmwc_21swb9OrORy8&usp=sharing
DAC/A.LES.25.00104;Alteração de Carga;LES;25/06/2026;Liberado para Execução;PIE;16357241;CF-150478;25/06/2026 00:30;25/06/2026 04:30;Start Engenharia (Área 8B, 9  e 11) NEC;-23.53063214;-46.54464212;https://www.google.com/maps/place/-23.53063214,-46.54464212;https://www.google.com/maps/d/viewer?mid=10HwNRTu34UfYUParmwc_21swb9OrORy8&usp=sharing
DAC/A.NOR.25.01788;Ligação Nova;NOR;25/06/2026;Liberado para Execução;PIE;16343963;251ET022588;25/06/2026 10:00;25/06/2026 14:00;Conecta Obras (Área 4 e 5) NEC;-23.61305887;-46.66797013;https://www.google.com/maps/place/-23.61305887,-46.66797013;https://www.google.com/maps/d/viewer?mid=10HwNRTu34UfYUParmwc_21swb9OrORy8&usp=sharing
DAC/A.LES.25.01017;Migração para Média Tensão;LES;25/06/2026;Liberado para Execução;FI;16297466;352ET167831;25/06/2026 10:00;25/06/2026 14:00;Start Engenharia (Área 8B, 9  e 11) NEC;-23.49215667;-46.4789859;https://www.google.com/maps/place/-23.49215667,-46.4789859;https://www.google.com/maps/d/viewer?mid=10HwNRTu34UfYUParmwc_21swb9OrORy8&usp=sharing
DMP/A.LES.24.06469;Segurança Operativa;LES;25/06/2026;Liberado para Execução;FI;16305704;356ET083621;25/06/2026 10:00;25/06/2026 15:00;Start Engenharia (Área 8B, 9  e 11) NEC;-23.57118428;-46.40510087;https://www.google.com/maps/place/-23.57118428,-46.40510087;https://www.google.com/maps/d/viewer?mid=10HwNRTu34UfYUParmwc_21swb9OrORy8&usp=sharing
DAC/A.NOR.26.00595;Ligação Nova;NOR;25/06/2026;Liberado para Execução;FI;16322222;351BF051893;25/06/2026 10:00;25/06/2026 14:00;Conecta Obras (Área 4 e 5) NEC;-23.49864081;-46.70764886;https://www.google.com/maps/place/-23.49864081,-46.70764886;https://www.google.com/maps/d/viewer?mid=10HwNRTu34UfYUParmwc_21swb9OrORy8&usp=sharing
DAC/A.NOR.26.00594;Ligação Nova;NOR;25/06/2026;Liberado para Execução;FI;16322222;351BF051893;25/06/2026 10:00;25/06/2026 14:00;Conecta Obras (Área 4 e 5) NEC;-23.49864081;-46.70764886;https://www.google.com/maps/place/-23.49864081,-46.70764886;https://www.google.com/maps/d/viewer?mid=10HwNRTu34UfYUParmwc_21swb9OrORy8&usp=sharing
DAC/A.NOR.26.00572;Ligação Nova;NOR;25/06/2026;Liberado para Execução;FI;16322222;351BF051893;25/06/2026 10:00;25/06/2026 14:00;Conecta Obras (Área 4 e 5) NEC;-23.49864081;-46.70764886;https://www.google.com/maps/place/-23.49864081,-46.70764886;https://www.google.com/maps/d/viewer?mid=10HwNRTu34UfYUParmwc_21swb9OrORy8&usp=sharing
DAC/A.LES.26.00564;Alteração de Carga;LES;25/06/2026;Liberado para Execução;FI;16322323;356ET075696;25/06/2026 10:00;25/06/2026 14:00;Start Engenharia (Área 8B, 9  e 11) NEC;-23.61189294;-46.48568971;https://www.google.com/maps/place/-23.61189294,-46.48568971;https://www.google.com/maps/d/viewer?mid=10HwNRTu34UfYUParmwc_21swb9OrORy8&usp=sharing
DAC/A.NOR.26.00492;Ligação Provisória;NOR;25/06/2026;Liberado para Execução;FI;16327825;251ET064187;25/06/2026 10:00;25/06/2026 14:00;Conecta Obras (Área 4 e 5) NEC;-23.58034443;-46.6696642;https://www.google.com/maps/place/-23.58034443,-46.6696642;https://www.google.com/maps/d/viewer?mid=10HwNRTu34UfYUParmwc_21swb9OrORy8&usp=sharing
DMP/A.LES.26.02772;Religador Automático;LES;25/06/2026;Liberado para Execução;FI;16361430;356ET160637;25/06/2026 09:30;25/06/2026 13:30;Alpitel Energy (Área 7, 8A e 10) NEC;-23.57022005;-46.41701599;https://www.google.com/maps/place/-23.57022005,-46.41701599;https://www.google.com/maps/d/viewer?mid=10HwNRTu34UfYUParmwc_21swb9OrORy8&usp=sharing
DAC/A.NOR.26.00517;Ligação Nova;NOR;25/06/2026;Liberado para Execução;FI;16327906;251ET097814;25/06/2026 10:00;25/06/2026 14:00;Conecta Obras (Área 4 e 5) NEC;-23.60498388;-46.69510225;https://www.google.com/maps/place/-23.60498388,-46.69510225;https://www.google.com/maps/d/viewer?mid=10HwNRTu34UfYUParmwc_21swb9OrORy8&usp=sharing
DMP/A.LES.26.03444;Religador Automático;LES;25/06/2026;Liberado para Execução;FI;16361430;356ET160637;25/06/2026 09:30;25/06/2026 13:30;Alpitel Energy (Área 7, 8A e 10) NEC;-23.57022005;-46.41701599;https://www.google.com/maps/place/-23.57022005,-46.41701599;https://www.google.com/maps/d/viewer?mid=10HwNRTu34UfYUParmwc_21swb9OrORy8&usp=sharing
DAC/A.NOR.26.00586;Alteração de Carga;NOR;25/06/2026;Liberado para Execução;FI;16327969;354ET048058;25/06/2026 10:00;25/06/2026 14:00;Conecta Obras (Área 4 e 5) NEC;-23.48895177;-46.57838541;https://www.google.com/maps/place/-23.48895177,-46.57838541;https://www.google.com/maps/d/viewer?mid=10HwNRTu34UfYUParmwc_21swb9OrORy8&usp=sharing
DAC/A.NOR.25.01319;Ligação Nova;NOR;25/06/2026;Liberado para Execução;FI;16327681;251ET020443;25/06/2026 13:00;25/06/2026 16:00;Conecta Obras (Área 4 e 5) NEC;-23.60696223;-46.69227571;https://www.google.com/maps/place/-23.60696223,-46.69227571;https://www.google.com/maps/d/viewer?mid=10HwNRTu34UfYUParmwc_21swb9OrORy8&usp=sharing
DAC/A.NOR.26.00491;Ligação Nova;NOR;25/06/2026;Liberado para Execução;FI;16328588;251ET004114;25/06/2026 10:00;25/06/2026 14:00;Conecta Obras (Área 4 e 5) NEC;-23.6038356;-46.6660433;https://www.google.com/maps/place/-23.6038356,-46.6660433;https://www.google.com/maps/d/viewer?mid=10HwNRTu34UfYUParmwc_21swb9OrORy8&usp=sharing
DAC/A.NOR.26.00022;Ligação Nova;NOR;25/06/2026;Liberado para Execução;FI;16327780;251ET038857;25/06/2026 10:00;25/06/2026 13:00;Conecta Obras (Área 4 e 5) NEC;-23.57920135;-46.67426604;https://www.google.com/maps/place/-23.57920135,-46.67426604;https://www.google.com/maps/d/viewer?mid=10HwNRTu34UfYUParmwc_21swb9OrORy8&usp=sharing
DAC/A.LES.26.00777;Ligação Nova;LES;25/06/2026;Liberado para Execução;FI;DEVOLVIDO;355ET034946;25/06/2026 10:30;25/06/2026 14:30;Alpitel Energy (Área 7, 8A e 10) NEC;-23.55986299;-46.53939089;https://www.google.com/maps/place/-23.55986299,-46.53939089;https://www.google.com/maps/d/viewer?mid=10HwNRTu34UfYUParmwc_21swb9OrORy8&usp=sharing
DAC/A.LES.26.00822;Ligação Nova;LES;25/06/2026;Liberado para Execução;FI;DEVOLVIDO;355ET003018;25/06/2026 10:30;25/06/2026 14:30;Alpitel Energy (Área 7, 8A e 10) NEC;-23.55986299;-46.53939089;https://www.google.com/maps/place/-23.55986299,-46.53939089;https://www.google.com/maps/d/viewer?mid=10HwNRTu34UfYUParmwc_21swb9OrORy8&usp=sharing
DAC/A.NOR.25.01773;Ligação Nova;NOR;25/06/2026;Liberado para Documentação;BRA;;251ET023252;25/06/2026 09:00;25/06/2026 17:00;Conecta Obras (Área 4 e 5) NEC;-23.59695676;-46.68075976;https://www.google.com/maps/place/-23.59695676,-46.68075976;https://www.google.com/maps/d/viewer?mid=10HwNRTu34UfYUParmwc_21swb9OrORy8&usp=sharing
DAC/A.LES.25.01311;Ligação Provisória;LES;25/06/2026;Liberado para Documentação;BRA;;356ET006498;25/06/2026 10:00;25/06/2026 15:00;Start Engenharia (Área 8B, 9  e 11) NEC;-23.57298827;-46.45268958;https://www.google.com/maps/place/-23.57298827,-46.45268958;https://www.google.com/maps/d/viewer?mid=10HwNRTu34UfYUParmwc_21swb9OrORy8&usp=sharing
DAC/A.NOR.25.01598;Ligação Provisória;NOR;25/06/2026;Liberado para Documentação;BRA;;257EP029088;25/06/2026 08:00;25/06/2026 17:00;Conecta Obras (Área 4 e 5) NEC;-23.56117369;-46.6164272;https://www.google.com/maps/place/-23.56117369,-46.6164272;https://www.google.com/maps/d/viewer?mid=10HwNRTu34UfYUParmwc_21swb9OrORy8&usp=sharing
DAC/A.LES.25.01032;Ligação Nova;LES;25/06/2026;Liberado para Documentação;BRA;;356ET075705;25/06/2026 10:00;25/06/2026 15:00;Start Engenharia (Área 8B, 9  e 11) NEC;-23.59783252;-46.39506504;https://www.google.com/maps/place/-23.59783252,-46.39506504;https://www.google.com/maps/d/viewer?mid=10HwNRTu34UfYUParmwc_21swb9OrORy8&usp=sharing
DMP/A.LES.26.00032;Reforma de Rede Secundaria RTRI;LES;26/06/2026;Liberado para Execução;FI;16306270;356ET027525;26/06/2026 10:00;26/06/2026 14:00;Start Engenharia (Área 8B, 9  e 11) NEC;-23.55543936;-46.39535565;https://www.google.com/maps/place/-23.55543936,-46.39535565;https://www.google.com/maps/d/viewer?mid=10HwNRTu34UfYUParmwc_21swb9OrORy8&usp=sharing
DAC/A.LES.25.01260;Remoção de Poste;LES;26/06/2026;Liberado para Execução;PIE;16323407;010ET230313;26/06/2026 23:00;27/06/2026 03:00;Start Engenharia (Área 8B, 9  e 11) NEC;-23.66700933;-46.53321245;https://www.google.com/maps/place/-23.66700933,-46.53321245;https://www.google.com/maps/d/viewer?mid=10HwNRTu34UfYUParmwc_21swb9OrORy8&usp=sharing
DAC/A.NOR.26.00406;Remoção de Poste;NOR;26/06/2026;Liberado para Execução;PIE;16358465;251BF061938;26/06/2026 10:00;26/06/2026 14:00;Conecta Obras (Área 4 e 5) NEC;-23.62119427;-46.65050215;https://www.google.com/maps/place/-23.62119427,-46.65050215;https://www.google.com/maps/d/viewer?mid=10HwNRTu34UfYUParmwc_21swb9OrORy8&usp=sharing
DAC/A.NOR.26.00521;Alteração de Carga;NOR;26/06/2026;Liberado para Execução;PIE;16359042;351ET141600;26/06/2026 10:00;26/06/2026 13:00;Conecta Obras (Área 4 e 5) NEC;-23.51151376;-46.65427038;https://www.google.com/maps/place/-23.51151376,-46.65427038;https://www.google.com/maps/d/viewer?mid=10HwNRTu34UfYUParmwc_21swb9OrORy8&usp=sharing
DMP/A.LES.26.01962;Rede Compacta;LES;26/06/2026;Liberado para Execução;FI;16300571;356BF041141;26/06/2026 10:00;26/06/2026 14:00;Engelmig (Área 11) NEC e UPS;-23.5995591;-46.44277093;https://www.google.com/maps/place/-23.5995591,-46.44277093;https://www.google.com/maps/d/viewer?mid=10HwNRTu34UfYUParmwc_21swb9OrORy8&usp=sharing
DAC/A.LES.26.00491;Ligação Nova;LES;26/06/2026;Liberado para Execução;FI;16322967;352ET006101;26/06/2026 10:00;26/06/2026 14:00;Start Engenharia (Área 8B, 9  e 11) NEC;-23.50593063;-46.47611133;https://www.google.com/maps/place/-23.50593063,-46.47611133;https://www.google.com/maps/d/viewer?mid=10HwNRTu34UfYUParmwc_21swb9OrORy8&usp=sharing
DAC/A.LES.21.00068;Regularização de Ligações Informais;LES;26/06/2026;Liberado para Execução;FI;16327618;025ET018506;26/06/2026 10:00;26/06/2026 14:00;Start Engenharia (Área 8B, 9  e 11) NEC;-23.7364833;-46.35607817;https://www.google.com/maps/place/-23.7364833,-46.35607817;https://www.google.com/maps/d/viewer?mid=10HwNRTu34UfYUParmwc_21swb9OrORy8&usp=sharing
DAC/A.NOR.26.00281;Remoção de Poste;NOR;26/06/2026;Liberado para Execução;FI;16333947;354ET017549;26/06/2026 10:00;26/06/2026 14:00;Conecta Obras (Área 4 e 5) NEC;-23.51731743;-46.58373845;https://www.google.com/maps/place/-23.51731743,-46.58373845;https://www.google.com/maps/d/viewer?mid=10HwNRTu34UfYUParmwc_21swb9OrORy8&usp=sharing
DAC/A.NOR.26.00606;Alteração de Carga;NOR;26/06/2026;Liberado para Execução;FI;DEVOLVIDA;351ET004173;26/06/2026 10:00;26/06/2026 14:00;Conecta Obras (Área 4 e 5) NEC;-23.49321442;-46.6870204;https://www.google.com/maps/place/-23.49321442,-46.6870204;https://www.google.com/maps/d/viewer?mid=10HwNRTu34UfYUParmwc_21swb9OrORy8&usp=sharing
DAC/A.LES.26.00138;Regularização de Ligações Informais;LES;26/06/2026;Liberado para Execução;FI;16327618;025ET018506;26/06/2026 10:00;26/06/2026 14:00;Start Engenharia (Área 8B, 9  e 11) NEC;-23.7364833;-46.35607817;https://www.google.com/maps/place/-23.7364833,-46.35607817;https://www.google.com/maps/d/viewer?mid=10HwNRTu34UfYUParmwc_21swb9OrORy8&usp=sharing
DAC/A.NOR.25.00534;Ligação Nova;NOR;26/06/2026;Liberado para Execução;FI;16333660;151ET023406;26/06/2026 10:00;26/06/2026 14:00;Conecta Obras (Área 4 e 5) NEC;-23.55767458;-46.63199705;https://www.google.com/maps/place/-23.55767458,-46.63199705;https://www.google.com/maps/d/viewer?mid=10HwNRTu34UfYUParmwc_21swb9OrORy8&usp=sharing
DAC/A.NOR.25.01510;Afastamento de Rede (Clientes);NOR;26/06/2026;Liberado para Execução;FI;16333660;151ET023406;26/06/2026 10:00;26/06/2026 14:00;Conecta Obras Extras (Área 4 e 5) NEC;-23.55767458;-46.63199705;https://www.google.com/maps/place/-23.55767458,-46.63199705;https://www.google.com/maps/d/viewer?mid=10HwNRTu34UfYUParmwc_21swb9OrORy8&usp=sharing
DAC/A.NOR.23.00884;Afastamento de Rede (Clientes);NOR;26/06/2026;Liberado para Execução;FI;16333772;351ET024995;26/06/2026 10:00;26/06/2026 14:00;ZZOUT-Conecta Área 4 (Contrato Antigo);0;0;https://www.google.com/maps/place/0,0;https://www.google.com/maps/d/viewer?mid=10HwNRTu34UfYUParmwc_21swb9OrORy8&usp=sharing
DAC/A.LES.24.01009;Remoção de Posto Primário;LES;26/06/2026;Liberado para Documentação;BRA;;356ET072637;26/06/2026 09:00;26/06/2026 16:00;ZZOUT-PSC Alpitel Área 9;-23.51787433;-46.38584905;https://www.google.com/maps/place/-23.51787433,-46.38584905;https://www.google.com/maps/d/viewer?mid=10HwNRTu34UfYUParmwc_21swb9OrORy8&usp=sharing
DMP/A.LES.26.02762;Religador Automático;LES;26/06/2026;Liberado para Documentação;BRA;;356ET160632;26/06/2026 09:00;26/06/2026 16:00;Alpitel Energy (Área 7, 8A e 10) NEC;-23.56655254;-46.41802376;https://www.google.com/maps/place/-23.56655254,-46.41802376;https://www.google.com/maps/d/viewer?mid=10HwNRTu34UfYUParmwc_21swb9OrORy8&usp=sharing
DMP/A.LES.26.02778;Religador Automático;LES;26/06/2026;Liberado para Documentação;BRA;;356ET093237;26/06/2026 09:00;26/06/2026 16:00;Alpitel Energy (Área 7, 8A e 10) NEC;-23.5948472;-46.41197806;https://www.google.com/maps/place/-23.5948472,-46.41197806;https://www.google.com/maps/d/viewer?mid=10HwNRTu34UfYUParmwc_21swb9OrORy8&usp=sharing
DAC/A.NOR.26.00413;Afastamento de Rede (Clientes);NOR;26/06/2026;Liberado para Execução;OLVR;;351ET037570;26/06/2026 09:00;26/06/2026 17:00;Conecta Obras (Área 4 e 5) NEC;-23.44417235;-46.78647304;https://www.google.com/maps/place/-23.44417235,-46.78647304;https://www.google.com/maps/d/viewer?mid=10HwNRTu34UfYUParmwc_21swb9OrORy8&usp=sharing
DAC/A.NOR.26.00554;Ligação Nova;NOR;26/06/2026;Liberado para Documentação;BRA;;251ET042486;26/06/2026 08:00;26/06/2026 17:00;Conecta Obras (Área 4 e 5) NEC;-23.5662875;-46.65685879;https://www.google.com/maps/place/-23.5662875,-46.65685879;https://www.google.com/maps/d/viewer?mid=10HwNRTu34UfYUParmwc_21swb9OrORy8&usp=sharing
DAC/A.NOR.25.01598;Ligação Provisória;NOR;27/06/2026;Liberado para Execução;PIE;16362544;257EP029088;27/06/2026 10:00;27/06/2026 14:00;Conecta Obras (Área 4 e 5) NEC;-23.56117369;-46.6164272;https://www.google.com/maps/place/-23.56117369,-46.6164272;https://www.google.com/maps/d/viewer?mid=10HwNRTu34UfYUParmwc_21swb9OrORy8&usp=sharing
DAC/A.LES.22.00876;Remoção de Poste;LES;27/06/2026;Liberado para Execução;PIE;16363942;356ET034590;27/06/2026 10:00;27/06/2026 14:00;Start Engenharia (Área 8B, 9  e 11) NEC;-23.5944939;-46.44285937;https://www.google.com/maps/place/-23.5944939,-46.44285937;https://www.google.com/maps/d/viewer?mid=10HwNRTu34UfYUParmwc_21swb9OrORy8&usp=sharing
DAC/A.LES.22.00853;Remoção de Poste;LES;27/06/2026;Liberado para Execução;PIE;RESOLVIDO;356ET044956;27/06/2026 10:00;27/06/2026 14:00;Start Engenharia (Área 8B, 9  e 11) NEC;-23.5944939;-46.44285937;https://www.google.com/maps/place/-23.5944939,-46.44285937;https://www.google.com/maps/d/viewer?mid=10HwNRTu34UfYUParmwc_21swb9OrORy8&usp=sharing
DAC/A.LES.22.00766;Remoção de Poste;LES;27/06/2026;Liberado para Execução;PIE;RESOLVIDO;356ET044956;27/06/2026 10:00;27/06/2026 14:00;Start Engenharia (Área 8B, 9  e 11) NEC;-23.5944939;-46.44285937;https://www.google.com/maps/place/-23.5944939,-46.44285937;https://www.google.com/maps/d/viewer?mid=10HwNRTu34UfYUParmwc_21swb9OrORy8&usp=sharing
DAC/A.LES.26.00868;Ligação Nova;LES;27/06/2026;Liberado para Execução;PIE;16364007;355ET021670;27/06/2026 10:00;27/06/2026 15:00;Start Engenharia (Área 8B, 9  e 11) NEC;-23.54194656;-46.58973489;https://www.google.com/maps/place/-23.54194656,-46.58973489;https://www.google.com/maps/d/viewer?mid=10HwNRTu34UfYUParmwc_21swb9OrORy8&usp=sharing
DAC/A.NOR.25.01424;Ligação Nova;NOR;27/06/2026;Liberado para Execução;PIE;RESOLVIDO;351EP050791;27/06/2026 10:00;27/06/2026 14:00;Conecta Obras (Área 4 e 5) NEC;-23.44692056;-46.72521489;https://www.google.com/maps/place/-23.44692056,-46.72521489;https://www.google.com/maps/d/viewer?mid=10HwNRTu34UfYUParmwc_21swb9OrORy8&usp=sharing
DAC/A.NOR.26.00328;Remoção de Poste;NOR;27/06/2026;Liberado para Execução;FI;16328544;257ET096094;27/06/2026 10:00;27/06/2026 14:00;Conecta Obras (Área 4 e 5) NEC;-23.58110301;-46.63928789;https://www.google.com/maps/place/-23.58110301,-46.63928789;https://www.google.com/maps/d/viewer?mid=10HwNRTu34UfYUParmwc_21swb9OrORy8&usp=sharing
DAC/A.NOR.24.01034;Ligação Nova;NOR;27/06/2026;Liberado para Documentação;BRA;;257ET002551;27/06/2026 08:00;27/06/2026 17:00;Conecta Obras (Área 4 e 5) NEC;-23.60560835;-46.59958486;https://www.google.com/maps/place/-23.60560835,-46.59958486;https://www.google.com/maps/d/viewer?mid=10HwNRTu34UfYUParmwc_21swb9OrORy8&usp=sharing
DAC/A.NOR.24.00283;Afastamento de Rede (Clientes);NOR;27/06/2026;Liberado para Execução;PIE;RESOLVIDO;251CF038821;27/06/2026 10:00;27/06/2026 14:00;Conecta Obras Extras (Área 4 e 5) NEC;-23.63015977;-46.66574142;https://www.google.com/maps/place/-23.63015977,-46.66574142;https://www.google.com/maps/d/viewer?mid=10HwNRTu34UfYUParmwc_21swb9OrORy8&usp=sharing
DAC/A.NOR.24.00282;Afastamento de Rede (Clientes);NOR;27/06/2026;Liberado para Execução;PIE;RESOLVIDO;251CF038821;27/06/2026 10:00;27/06/2026 14:00;Conecta Obras Extras (Área 4 e 5) NEC;-23.63015977;-46.66574142;https://www.google.com/maps/place/-23.63015977,-46.66574142;https://www.google.com/maps/d/viewer?mid=10HwNRTu34UfYUParmwc_21swb9OrORy8&usp=sharing
DAC/A.NOR.24.00234;Afastamento de Rede (Clientes);NOR;27/06/2026;Liberado para Execução;PIE;RESOLVIDO;251CF038821;27/06/2026 10:00;27/06/2026 14:00;Conecta Obras Extras (Área 4 e 5) NEC;-23.63015977;-46.66574142;https://www.google.com/maps/place/-23.63015977,-46.66574142;https://www.google.com/maps/d/viewer?mid=10HwNRTu34UfYUParmwc_21swb9OrORy8&usp=sharing
DAC/A.NOR.24.00280;Afastamento de Rede (Clientes);NOR;27/06/2026;Liberado para Execução;PIE;RESOLVIDO;251CF038821;27/06/2026 10:00;27/06/2026 14:00;Conecta Obras Extras (Área 4 e 5) NEC;-23.63015977;-46.66574142;https://www.google.com/maps/place/-23.63015977,-46.66574142;https://www.google.com/maps/d/viewer?mid=10HwNRTu34UfYUParmwc_21swb9OrORy8&usp=sharing
DAC/A.NOR.24.00281;Afastamento de Rede (Clientes);NOR;27/06/2026;Liberado para Execução;PIE;RESOLVIDO;251CF038821;27/06/2026 10:00;27/06/2026 14:00;Conecta Obras Extras (Área 4 e 5) NEC;-23.63015977;-46.66574142;https://www.google.com/maps/place/-23.63015977,-46.66574142;https://www.google.com/maps/d/viewer?mid=10HwNRTu34UfYUParmwc_21swb9OrORy8&usp=sharing
DAC/A.NOR.25.00979;Ligação Provisória;NOR;27/06/2026;Liberado para Documentação;BRA;;251ET132431;27/06/2026 09:00;27/06/2026 17:00;Conecta Obras (Área 4 e 5) NEC;-23.62664226;-46.66154939;https://www.google.com/maps/place/-23.62664226,-46.66154939;https://www.google.com/maps/d/viewer?mid=10HwNRTu34UfYUParmwc_21swb9OrORy8&usp=sharing
DAC/A.NOR.26.00448;Ligação Nova;NOR;27/06/2026;Rascunho;BRA;;351EP006555;27/06/2026 08:00;27/06/2026 17:00;Conecta Obras (Área 4 e 5) NEC;-23.43407024;-46.71736169;https://www.google.com/maps/place/-23.43407024,-46.71736169;https://www.google.com/maps/d/viewer?mid=10HwNRTu34UfYUParmwc_21swb9OrORy8&usp=sharing
DMP/A.LES.24.05716;Rede Compacta;LES;28/06/2026;Liberado para Execução;PIE;16364437;010ET076810;28/06/2026 09:30;28/06/2026 13:30;Engelmig (Área 11) NEC e UPS;-23.66570163;-46.51273467;https://www.google.com/maps/place/-23.66570163,-46.51273467;https://www.google.com/maps/d/viewer?mid=10HwNRTu34UfYUParmwc_21swb9OrORy8&usp=sharing
DMP/A.LES.25.00987;Rede Compacta;LES;29/06/2026;Liberado para Execução;FI;RESOLVIDO;015ET088748;29/06/2026 10:00;29/06/2026 14:00;Start Engenharia (Área 8B, 9  e 11) NEC;-23.66067245;-46.46875494;https://www.google.com/maps/place/-23.66067245,-46.46875494;https://www.google.com/maps/d/viewer?mid=10HwNRTu34UfYUParmwc_21swb9OrORy8&usp=sharing
DMP/A.LES.25.00988;Rede Compacta;LES;29/06/2026;Liberado para Execução;FI;RESOLVIDO;015ET076247;29/06/2026 10:00;29/06/2026 14:00;Start Engenharia (Área 8B, 9  e 11) NEC;-23.66067245;-46.46875494;https://www.google.com/maps/place/-23.66067245,-46.46875494;https://www.google.com/maps/d/viewer?mid=10HwNRTu34UfYUParmwc_21swb9OrORy8&usp=sharing
DMP/A.LES.26.01978;Rede Compacta;LES;29/06/2026;Liberado para Execução;PIE;DEVOLVIDO;356ET006621;29/06/2026 10:00;29/06/2026 14:00;Engelmig (Área 11) NEC e UPS;-23.5891087;-46.42401704;https://www.google.com/maps/place/-23.5891087,-46.42401704;https://www.google.com/maps/d/viewer?mid=10HwNRTu34UfYUParmwc_21swb9OrORy8&usp=sharing
DMP/A.LES.26.03035;Rede Compacta;LES;29/06/2026;Liberado para Execução;PIE;DEVOLVIDO;356ET006621;29/06/2026 10:00;29/06/2026 14:00;Engelmig (Área 11) NEC e UPS;-23.5891087;-46.42401704;https://www.google.com/maps/place/-23.5891087,-46.42401704;https://www.google.com/maps/d/viewer?mid=10HwNRTu34UfYUParmwc_21swb9OrORy8&usp=sharing
DAC/A.NOR.25.00140;Ligação Nova;NOR;29/06/2026;Liberado para Execução;PIE;DEVOLVIDO;ET-001596;29/06/2026 10:00;29/06/2026 14:00;Conecta Obras (Área 4 e 5) NEC;-23.59921823;-46.64762044;https://www.google.com/maps/place/-23.59921823,-46.64762044;https://www.google.com/maps/d/viewer?mid=10HwNRTu34UfYUParmwc_21swb9OrORy8&usp=sharing
DAC/A.NOR.26.00445;Ligação Provisória;NOR;29/06/2026;Liberado para Documentação;PIE;;257ET122672;29/06/2026 10:00;29/06/2026 14:00;Conecta Obras (Área 4 e 5) NEC;-23.60958814;-46.62236776;https://www.google.com/maps/place/-23.60958814,-46.62236776;https://www.google.com/maps/d/viewer?mid=10HwNRTu34UfYUParmwc_21swb9OrORy8&usp=sharing
DMP/A.NOR.25.07514;Segurança Operativa;NOR;29/06/2026;Liberado para Execução;PIE;CANCELADO;ET-133765;29/06/2026 10:00;29/06/2026 14:00;Conecta Obras (Área 4 e 5) NEC;-23.62167896;-46.6397079;https://www.google.com/maps/place/-23.62167896,-46.6397079;https://www.google.com/maps/d/viewer?mid=10HwNRTu34UfYUParmwc_21swb9OrORy8&usp=sharing
DMP/A.NOR.25.07546;Segurança Operativa;NOR;29/06/2026;Liberado para Execução;PIE;CANCELADO;ET-133765;29/06/2026 10:00;29/06/2026 14:00;Conecta Obras (Área 4 e 5) NEC;-23.62309797;-46.6400583;https://www.google.com/maps/place/-23.62309797,-46.6400583;https://www.google.com/maps/d/viewer?mid=10HwNRTu34UfYUParmwc_21swb9OrORy8&usp=sharing
DAC/A.NOR.25.00986;Remoção de Posto Primário;NOR;29/06/2026;Liberado para Execução;PIE;RESOLVIDO;354ET011348;29/06/2026 10:00;29/06/2026 14:00;Conecta Obras Extras (Área 4 e 5) NEC;-23.47107189;-46.65078246;https://www.google.com/maps/place/-23.47107189,-46.65078246;https://www.google.com/maps/d/viewer?mid=10HwNRTu34UfYUParmwc_21swb9OrORy8&usp=sharing
DAC/A.LES.25.00716;Ligação Nova;LES;29/06/2026;Liberado para Execução;FI;16340514;356ET020602;29/06/2026 09:00;29/06/2026 13:00;Alpitel Energy (Área 7, 8A e 10) NEC;-23.53771315;-46.47101989;https://www.google.com/maps/place/-23.53771315,-46.47101989;https://www.google.com/maps/d/viewer?mid=10HwNRTu34UfYUParmwc_21swb9OrORy8&usp=sharing
DAC/A.LES.25.00177;Alteração de Carga;LES;29/06/2026;Liberado para Execução;FI;RESOLVIDO;356ET093049;29/06/2026 10:30;29/06/2026 14:30;Conecta Obras Extras (Área 8B, 9 e 11) NEC;-23.58961159;-46.40983583;https://www.google.com/maps/place/-23.58961159,-46.40983583;https://www.google.com/maps/d/viewer?mid=10HwNRTu34UfYUParmwc_21swb9OrORy8&usp=sharing
DAC/A.NOR.25.01003;Ligação Nova;NOR;29/06/2026;Liberado para Execução;FI;16340712;354ET006107;29/06/2026 10:00;29/06/2026 14:00;Conecta Obras (Área 4 e 5) NEC;-23.46795065;-46.59846895;https://www.google.com/maps/place/-23.46795065,-46.59846895;https://www.google.com/maps/d/viewer?mid=10HwNRTu34UfYUParmwc_21swb9OrORy8&usp=sharing
DAC/A.NOR.26.00274;Alteração de Carga;NOR;29/06/2026;Liberado para Execução;FI;16355759;151ET024733;29/06/2026 10:00;29/06/2026 14:00;Conecta Obras (Área 4 e 5) NEC;-23.56594601;-46.66046908;https://www.google.com/maps/place/-23.56594601,-46.66046908;https://www.google.com/maps/d/viewer?mid=10HwNRTu34UfYUParmwc_21swb9OrORy8&usp=sharing
DAC/A.NOR.24.01517;Ligação Nova;NOR;29/06/2026;Liberado para Documentação;BRA;;251IP16J209;29/06/2026 08:00;29/06/2026 17:00;Conecta Obras (Área 4 e 5) NEC;-23.59383967;-46.68083457;https://www.google.com/maps/place/-23.59383967,-46.68083457;https://www.google.com/maps/d/viewer?mid=10HwNRTu34UfYUParmwc_21swb9OrORy8&usp=sharing
DAC/A.NOR.24.01518;Ligação Nova;NOR;29/06/2026;Liberado para Documentação;BRA;;251IP16J209;29/06/2026 08:00;29/06/2026 17:00;Conecta Obras (Área 4 e 5) NEC;-23.59383967;-46.68083457;https://www.google.com/maps/place/-23.59383967,-46.68083457;https://www.google.com/maps/d/viewer?mid=10HwNRTu34UfYUParmwc_21swb9OrORy8&usp=sharing
DAC/A.NOR.25.01806;Ligação Nova;NOR;29/06/2026;Liberado para Documentação;BRA;;251BF062473;29/06/2026 08:00;29/06/2026 17:00;Conecta Obras (Área 4 e 5) NEC;-23.59589361;-46.68303906;https://www.google.com/maps/place/-23.59589361,-46.68303906;https://www.google.com/maps/d/viewer?mid=10HwNRTu34UfYUParmwc_21swb9OrORy8&usp=sharing
DAC/A.NOR.26.00445;Ligação Provisória;NOR;29/06/2026;Liberado para Execução;PIE;16374719;257ET122672;29/06/2026 10:00;29/06/2026 14:00;Conecta Obras (Área 4 e 5) NEC;-23.60958814;-46.62236776;https://www.google.com/maps/place/-23.60958814,-46.62236776;https://www.google.com/maps/d/viewer?mid=10HwNRTu34UfYUParmwc_21swb9OrORy8&usp=sharing
DMP/A.LES.26.01972;Rede Compacta;LES;29/06/2026;Pendente de Aprovação;FI;;356ET167065;29/06/2026 10:00;29/06/2026 14:00;Engelmig (Área 11) NEC e UPS;-23.57598536;-46.42970663;https://www.google.com/maps/place/-23.57598536,-46.42970663;https://www.google.com/maps/d/viewer?mid=10HwNRTu34UfYUParmwc_21swb9OrORy8&usp=sharing
